number ,Variant,Kd
409,E141M,67.23
408,E141L,74
12,Q59M,96.73
410,E141N,103.37
400,E141A,104.53
89,V81I,109.87
416,E141V,110.6
364,Y120F,113.44
406,E141I,126.88
415,E141T,127.71
111,V83L,128.16
525,N167G,138.22
412,E141Q,144.57
506,V164H,148.48
109,V83I,151.75
10,Q59K,152.18
509,V164L,152.22
508,V164K,154.04
2,Q59A,154.84
380,S122A,155.74
16,Q59S,157.26
91,V81L,159.38
296,I110V,160.51
414,E141S,165.37
417,E141W,170.67
0,WT,177.4
507,V164I,179.19
404,E141G,188.05
480,V163A,191.81
390,S122M,210.2
405,E141H,238.28
112,V83M,239.02
227,E94I,241.93
456,A159V,244.61
92,V81M,244.69
492,V163P,248.46
518,V164Y,254.37
233,E94Q,257.14
232,E94P,263.25
7,Q59G,279.97
248,F108L,287.62
503,V164E,293.56
20,Q59Y,294.58
510,V164M,297.2
393,S122Q,311.29
482,V163D,313.88
476,I160V,316.61
402,E141D,322.53
237,E94V,323.36
8,Q59H,338.8
228,E94K,346.82
225,E94G,350.99
214,S92Q,356.11
239,E94Y,360.45
82,V81A,361.29
246,F108I,362.26
216,S92T,378.68
513,V164Q,387.85
213,S92P,388.79
236,E94T,395.7
255,F108T,399.43
490,V163M,406
504,V164F,434.59
505,V164G,441.61
512,V164P,453.59
517,V164W,515.8
392,S122P,518.72
384,S122F,520.59
226,E94H,544.12
495,V163S,548.51
383,S122E,561.92
382,S122D,567.98
515,V164S,576.28
396,S122V,582
9,Q59I,585.28
5,Q59E,587.3
223,E94D,595.77
522,N167D,604.58
235,E94S,615.37
520,N167A,616.01
457,A159W,616.64
102,V83A,617.7
370,Y120M,621.24
254,F108S,640.07
470,I160N,645.67
18,Q59V,665.86
250,F108N,666.57
295,I110T,672.23
243,F108E,676.45
398,S122Y,696.94
6,Q59F,698.17
95,V81Q,716.8
362,Y120D,717
502,V164D,721.15
238,E94W,740.64
15,Q59R,760.5
87,V81G,765.81
201,S92A,776.87
500,V164A,803.39
531,N167P,806.08
534,N167S,838.72
475,I160T,842.81
13,Q59N,855.11
249,F108M,885.01
342,L117D,886.05
395,S122T,891.36
210,S92L,907.3
468,I160L,909.53
93,V81N,953.76
98,V81T,967.12
493,V163Q,967.28
511,V164N,1024.5
487,V163I,1044.48
389,S122L,1084.89
120,V83Y,1129.38
247,F108K,1130.37
446,A159I,1133.15
258,F108Y,1144.7
349,L117M,1168.12
245,F108H,1223.99
516,V164T,1242.13
394,S122R,1242.54
251,F108P,1266.43
351,L117P,1302.25
388,S122K,1417.27
455,A159T,1442.63
385,S122G,1468.02
366,Y120H,1504.09
252,F108Q,1579.21
203,S92D,1594.19
354,L117S,1767.03
449,A159M,1848.3
528,N167K,1875.86
86,V81F,1937.55
289,I110M,1957.91
256,F108V,1964.15
11,Q59L,1988.04
464,I160F,2011.21
473,I160R,2106.28
387,S122I,2121.03
514,V164R,2125.49
297,I110W,2176.6
114,V83P,2238.07
356,L117V,2267.78
386,S122H,2280.13
444,A159G,2504.42
294,I110S,2555.56
285,I110G,2584.01
469,I160M,2958.72
454,A159S,3195.29
118,V83T,3517.21
347,L117I,3550.92
523,N167E,3730.36
257,F108W,3838.97
538,N167Y,4299.76
208,S92I,4552.13
369,Y120L,4756.13
19,Q59W,4799.58
107,V83G,4843.16
372,Y120P,5139.27
85,V81E,5322.58
230,E94M,8680.94
407,E141K,9898.68
535,N167T,9978.46
221,E94A,10197.18
465,I160G,11723.62
486,V163H,12438.46
463,I160E,12655.79
288,I110L,12723.18
117,V83S,12897.66
212,S92N,13937.17
484,V163F,14415.17
282,I110D,14616.76
537,N167W,14680.03
488,V163K,14680.87
110,V83K,14760
443,A159F,14824.89
224,E94F,15005.26
219,S92Y,15034.26
533,N167R,15093.19
418,E141Y,15096.18
483,V163E,15179.29
104,V83D,15183.72
497,V163W,15191.45
472,I160Q,15192.89
284,I110F,15209.49
234,E94R,15226.9
452,A159Q,15239.53
88,V81H,15279.61
105,V83E,15369
375,Y120S,15403.46
478,I160Y,15423.05
371,Y120N,15479.99
204,S92E,15484.44
529,N167L,15485.67
403,E141F,15526.38
231,E94N,15535.02
207,S92H,15536.93
460,I160A,15537.95
453,A159R,15550.57
441,A159D,15558.7
242,F108D,15577.39
462,I160D,15578.07
489,V163L,15596.51
115,V83Q,15609.67
293,I110R,15624.05
494,V163R,15649.66
471,I160P,15668.11
352,L117Q,15673.18
368,Y120K,15675.79
496,V163T,15679.14
377,Y120V,15705.45
345,L117G,15728.7
286,I110H,15734.77
536,N167V,15736
211,S92M,15738.85
360,Y120A,15744.46
229,E94L,15795.41
411,E141P,15807.1
290,I110N,15813.76
442,A159E,15826.57
530,N167M,15830.18
526,N167H,15833.62
280,I110A,15834
458,A159Y,15860.02
4,Q59D,15891.58
451,A159P,15893.05
367,Y120I,15914.43
240,F108A,15919.01
474,I160S,15971.62
450,A159N,15978.99
291,I110P,15981.4
106,V83F,16017.03
14,Q59P,16019.91
350,L117N,16026.18
283,I110E,16061.08
113,V83N,16072.09
119,V83W,16077.37
346,L117H,16084.98
99,V81W,16095.21
108,V83H,16101.22
348,L117K,16104.27
373,Y120Q,16110.88
17,Q59T,16114.37
96,V81R,16127.73
209,S92K,16146.79
340,L117A,16172.35
355,L117T,16174.05
353,L117R,16176.54
343,L117E,16203.52
90,V81K,16278.54
485,V163G,16290.92
447,A159K,16293.03
527,N167I,16299.18
365,Y120G,16301
217,S92V,16306.59
116,V83R,16330.1
376,Y120T,16330.2
491,V163N,16339.86
358,L117Y,16358.32
100,V81Y,16366.13
344,L117F,16375.18
292,I110Q,16394.88
287,I110K,16430.75
467,I160K,16464.53
218,S92W,16482.21
357,L117W,16507.16
363,Y120E,16535.94
498,V163Y,16559.73
374,Y120R,16710.02
298,I110Y,16746.14
215,S92R,16747.61
445,A159H,16785.96
413,E141R,16891.48
391,S122N,16897.14
253,F108R,16899.33
206,S92G,16905.46
532,N167Q,16919.21
244,F108G,16929.85
205,S92F,16936.64
524,N167F,16942.13
477,I160W,16974.81
466,I160H,16995.68
378,Y120W,17185.32
94,V81P,17540.23
97,V81S,19189.93
84,V81D,19921.08
397,S122W,20000
448,A159L,20000
