pair_id,variant_name,variant_signature,label_tier,pocket_sequence,binary_plddt_ligand,binary_plddt_pocket,binary_hbond_distance,ngs_confidence,count_bind,count_input,count_const,bind_ratio,const_ratio,log2_bind_enrich,log2_const_enrich,binder_score
pair_3061,seq1,59V;81D;83L;92M;94V;108A;110V;117V;120L;122T;141Q;159Y;160V;163F;167A,strong,VDLMVAVVLTQYVFVA,0.8364,0.9555,1.3660,High,16,10,1,1.6,0.1,0.628,-2.459,1.5
pair_3072,seq2,59A;81D;83L;92M;94V;108A;110V;117V;120L;122T;141K;159I;160L;163G;164Y;167I,strong,ADLMVAVVLTKILGYI,0.8912,0.9565,2.5900,High,27,17,3,1.5882,0.1765,0.637,-2.17,1.4118
pair_3104,seq5,59V;81D;83L;92M;94V;108A;110V;117T;120L;122T;141K;159I;160L;163G;167I,strong,VDLMVAVTLTKILGVI,0.8596,0.9642,2.4000,High,20,17,2,1.1765,0.1176,0.222,-2.585,1.0588
pair_3108,seq7,59A;81D;83L;92M;94V;108H;141K;159I;160L;163G;167I,strong,ADLMVHILYSKILGVI,0.8974,0.9713,0.7930,High,13,11,3,1.1818,0.2727,0.222,-1.585,0.9091
pair_3062,seq10,59V;81D;83L;92M;94V;108A;110V;117V;120L;122T;141K;159I;160V;163G;167L,strong,VDLMVAVVLTKIVGVL,0.8672,0.9666,2.8550,High,139,141,15,0.9858,0.1064,-0.02,-3.15,0.8794
pair_3063,seq11,59A;81D;83L;92M;94V;108A;110V;117V;120L;122T;141K;159I;160M;163G;164I;167I,strong,ADLMVAVVLTKIMGII,0.9137,0.9650,2.7960,High,38,38,6,1.0,0.1579,0.0,-2.478,0.8421
pair_3064,seq12,59A;81D;83L;92M;94V;108A;110V;117V;120L;122T;141Q;159Y;160V;163F;167A,strong,ADLMVAVVLTQYVFVA,0.8604,0.9652,1.8020,High,11,11,2,1.0,0.1818,0.0,-2.0,0.8182
pair_3066,seq14_designed,59V;81D;83L;92M;94L;108A;110V;117V;120L;122T;141K;159I;160M;163G;164I;167I,strong,VDLMLAVVLTKIMGII,0.8826,0.9570,2.7350,High,208,245,13,0.849,0.0531,-0.235,-4.135,0.7959
pair_3067,seq15,59V;81D;83L;92M;94V;108A;110V;117V;120L;122T;141K;159I;160L;163G;164Y;167I,strong,VDLMVAVVLTKILGYI,0.8725,0.9609,2.4400,High,86,101,6,0.8515,0.0594,-0.229,-3.865,0.7921
pair_3068,seq16_designed,59V;81D;83L;92M;94V;108A;110V;117V;120L;122T;141K;159I;160L;163G;167I,strong,VDLMVAVVLTKILGVI,0.8825,0.9625,2.2670,High,677,791,59,0.8559,0.0746,-0.224,-3.722,0.7813
pair_3071,seq19,59V;81D;83L;92M;94L;108A;110V;117V;120L;122T;141K;159I;160L;163G;167I,strong,VDLMLAVVLTKILGVI,0.8852,0.9615,1.9830,High,65,82,3,0.7927,0.0366,-0.331,-4.375,0.7561
pair_3069,seq17,59A;81D;83L;92M;94V;108V;141K;159I;160L;163G;167I,strong,ADLMVVILYSKILGVI,0.8914,0.9720,1.1020,High,161,177,33,0.9096,0.1864,-0.136,-2.388,0.7232
pair_3076,seq23,59V;81D;83L;92M;94V;108H;141K;159I;160L;163G;167I,strong,VDLMVHILYSKILGVI,0.8867,0.9687,1.4160,High,48,63,3,0.7619,0.0476,-0.385,-4.0,0.7143
pair_3077,seq24,59V;81D;83L;92M;94L;108A;110V;117V;120L;122T;141K;159I;160V;163G;167L,strong,VDLMLAVVLTKIVGVL,0.8697,0.9634,2.6620,High,55,71,5,0.7746,0.0704,-0.363,-3.585,0.7042
pair_3074,seq21,59A;81D;83L;92M;94V;108V;141K;159H;160V;163L;164T;167A,strong,ADLMVVILYSKHVLTA,0.8605,0.9717,2.3320,High,8,10,1,0.8,0.1,-0.29,-2.459,0.7
pair_3078,seq25,59V;81D;83L;92M;94V;108A;110V;117V;120L;122T;141K;159H;160M;163I;164F;167A,strong,VDLMVAVVLTKHMIFA,0.8929,0.9603,3.1030,High,9,13,0,0.6923,0.0,-0.485,-3.807,0.6923
pair_3070,seq18,59A;81D;83L;92M;94V;108A;110V;141K;159I;160V;163G;167L,strong,ADLMVAVLYSKIVGVL,0.8853,0.9720,2.3600,High,11,12,3,0.9167,0.25,-0.115,-1.7,0.6667
pair_3075,seq22_designed,59A;81D;83L;92M;94L;108A;110V;117V;120L;122T;141K;159I;160M;163G;164I;167I,strong,ADLMLAVVLTKIMGII,0.9083,0.9574,2.6220,High,45,53,10,0.8491,0.1887,-0.231,-2.295,0.6604
pair_3073,seq20,59L;81D;83L;92M;94V;108V;141K;159I;160L;163G;167I,strong,LDLMVVILYSKILGVI,0.8754,0.9630,1.0450,High,51,57,15,0.8947,0.2632,-0.158,-1.858,0.6316
pair_3080,seq27,59V;81D;83L;92M;94V;108A;110V;117V;120L;122T;141K;160V;163F;167A,strong,VDLMVAVVLTKFVFVA,0.8388,0.9570,2.5470,High,14,18,3,0.7778,0.1667,-0.341,-2.248,0.6111
pair_3085,seq31_designed,59A;81D;83L;92M;94V;108A;110V;117V;120L;122T;141K;159I;160L;163G;167I,strong,ADLMVAVVLTKILGVI,0.9013,0.9603,2.5230,High,423,564,86,0.75,0.1525,-0.414,-2.699,0.5975
pair_3087,seq34,59V;81D;83L;92M;94V;108H;141K;159I;160V;163G;167L,strong,VDLMVHILYSKIVGVL,0.8224,0.9668,1.9110,High,15,22,2,0.6818,0.0909,-0.524,-2.939,0.5909
pair_3086,seq33,59A;81D;83L;92M;94V;108A;110V;117V;120L;122T;141K;159I;160V;163G;167L,strong,ADLMVAVVLTKIVGVL,0.8654,0.9607,3.9220,High,85,123,13,0.6911,0.1057,-0.528,-3.147,0.5854
pair_3079,seq26,59V;81D;83L;92M;94V;108V;141K;159I;160M;163G;164I;167I,strong,VDLMVVILYSKIMGII,0.8670,0.9690,1.1220,High,10,12,3,0.8333,0.25,-0.241,-1.7,0.5833
pair_3091,seq38,59V;81D;83L;92M;94V;108A;110V;117V;120L;122T;141K;159I;160M;163G;164I;167I,strong,VDLMVAVVLTKIMGII,0.8774,0.9592,2.3790,High,33,55,1,0.6,0.0182,-0.72,-4.807,0.5818
pair_3092,seq39,59V;81D;83L;92M;94V;108A;110V;141K;159I;160V;163G;167L,strong,VDLMVAVLYSKIVGVL,0.8848,0.9722,2.2970,High,15,26,0,0.5769,0.0,-0.755,-4.755,0.5769
pair_3099,seq45,59V;81D;83L;92M;94V;108A;110V;120L;122W;141R;159H;160V;163L;164F;167G,strong,VDLMVAVLLWRHVLFG,0.8935,0.9675,3.7500,High,11,20,1,0.55,0.05,-0.807,-3.392,0.5
pair_3088,seq35,59V;81D;83L;92M;94V;108V;117V;120L;122T;141K;159I;160L;163G;167I,strong,VDLMVVIVLTKILGVI,0.9082,0.9643,2.6170,High,8,10,3,0.8,0.3,-0.29,-1.459,0.5
pair_3100,seq46,59V;81L;83A;92A;108H;110V;141K;159I;160L;163G;167I,strong,VLAAEHVLYSKILGVI,0.8603,0.9574,1.6030,High,14,25,2,0.56,0.08,-0.794,-3.115,0.48
pair_3101,seq47,59V;81D;83L;92M;94V;108V;141K;159I;160L;163G;167I,strong,VDLMVVILYSKILGVI,0.8882,0.9707,0.9120,High,36,60,10,0.6,0.1667,-0.721,-2.471,0.4333
pair_3098,seq44,59A;81L;83L;92M;94V;108V;141K;159I;160V;163G;167L,strong,ALLMVVILYSKIVGVL,0.9243,0.9732,2.5190,High,44,62,20,0.7097,0.3226,-0.485,-1.585,0.3871
pair_3103,seq49,59V;81D;83L;92M;94V;108A;110V;117V;120L;122T;141K;159I;160L;163G;167L,strong,VDLMVAVVLTKILGVL,0.8520,0.9624,3.1500,High,13,24,4,0.5417,0.1667,-0.837,-2.322,0.375
pair_3059,59v_0379,59V;81L;83A;92A;108A;110V;120L;122W;141R;159H;160V;163L;164F;167G,strong,VLAAEAVLLWRHVLFG,0.8965,0.9655,3.3220,High,30,81,12,0.3704,0.1481,-1.403,-2.657,0.2222
