sequence_id,ligand,rings6,rings_distorted,ring_pucker_max,thetas
BA_PYR1_0004,LCA3S,3,0,3.4,177.5;178.2;3.4
BA_PYR1_0004,LCAM,3,0,5.9,174.1;176.1;4.0
BA_PYR1_0024,LCA3S,3,0,3.3,177.0;178.8;3.3
BA_PYR1_0024,LCAM,3,0,5.1,174.9;177.4;4.5
BA_PYR1_0027,LCA3S,3,0,2.8,177.2;178.3;2.3
BA_PYR1_0027,LCAM,3,0,5.9,174.2;175.2;5.9
BA_PYR1_0033,LCA3S,3,0,4.5,176.7;178.2;4.5
BA_PYR1_0033,LCAM,3,0,4.0,176.0;178.8;1.8
BA_PYR1_0052,LCA3S,3,0,5.1,174.9;178.0;3.5
BA_PYR1_0052,LCAM,3,0,7.4,172.6;175.2;6.4
BA_PYR1_0054,LCA3S,3,0,9.8,174.6;174.8;9.8
BA_PYR1_0054,LCAM,3,0,7.3,172.7;175.2;3.0
BA_PYR1_0056,LCA3S,3,0,6.4,176.4;176.8;6.4
BA_PYR1_0056,LCAM,3,0,5.7,174.6;174.3;3.9
BA_PYR1_0083,LCA3S,3,0,6.1,177.4;179.3;6.1
BA_PYR1_0083,LCAM,3,0,2.9,177.1;179.0;2.4
BA_PYR1_0084,LCA3S,3,0,3.3,177.2;179.0;3.3
BA_PYR1_0084,LCAM,3,0,3.8,176.2;179.4;2.4
BA_PYR1_0085,LCA3S,3,0,4.3,177.8;178.1;4.3
BA_PYR1_0085,LCAM,3,0,3.3,176.7;179.2;2.1
BA_PYR1_0086,LCA3S,3,0,5.0,175.5;179.4;5.0
BA_PYR1_0086,LCAM,3,0,6.5,173.5;175.6;4.0
BA_PYR1_0088,LCA3S,3,0,8.8,175.7;177.1;8.8
BA_PYR1_0088,LCAM,3,0,5.3,174.7;176.4;4.9
BA_PYR1_0094,LCA3S,3,0,3.3,177.1;179.8;3.3
BA_PYR1_0094,LCAM,3,0,7.5,174.8;174.7;7.5
BA_PYR1_0099,LCA3S,3,0,5.0,177.9;178.2;5.0
BA_PYR1_0099,LCAM,3,0,4.8,175.2;177.1;3.7
BA_PYR1_0101,LCA3S,3,0,9.5,176.0;176.2;9.5
BA_PYR1_0101,LCAM,3,0,4.2,175.8;178.4;2.5
BA_PYR1_0102,LCA3S,3,0,4.7,175.3;177.8;3.2
BA_PYR1_0102,LCAM,3,0,5.4,174.6;177.6;3.5
BA_PYR1_0129,LCA3S,3,0,5.4,174.6;177.2;4.1
BA_PYR1_0129,LCAM,3,0,4.3,175.7;179.7;2.0
BA_PYR1_0130,LCA3S,3,0,7.3,176.0;177.2;7.3
BA_PYR1_0130,LCAM,3,0,4.2,176.7;177.5;4.2
BA_PYR1_0138,LCA3S,3,0,3.3,178.3;179.4;3.3
BA_PYR1_0138,LCAM,3,0,8.0,176.0;175.1;8.0
BA_PYR1_0139,LCA3S,3,0,2.7,177.4;178.9;2.7
BA_PYR1_0139,LCAM,3,0,4.3,176.2;176.2;4.3
BA_PYR1_0165,LCA3S,3,0,4.4,177.2;178.6;4.4
BA_PYR1_0165,LCAM,3,0,4.6,175.4;176.2;3.1
BA_PYR1_0171,LCA3S,3,0,6.3,176.8;178.1;6.3
BA_PYR1_0171,LCAM,3,0,6.7,175.2;175.8;6.7
BA_PYR1_0174,LCA3S,3,0,4.5,177.2;178.5;4.5
BA_PYR1_0174,LCAM,3,0,5.4,175.8;177.1;5.4
BA_PYR1_0178,LCA3S,3,0,4.8,176.2;178.5;4.8
BA_PYR1_0178,LCAM,3,0,7.1,176.7;177.8;7.1
BA_PYR1_0180,LCA3S,3,0,7.0,177.9;177.9;7.0
BA_PYR1_0180,LCAM,3,0,8.4,175.1;177.3;8.4
BA_PYR1_0198,LCA3S,3,0,10.6,176.7;174.5;10.6
BA_PYR1_0198,LCAM,3,0,3.3,176.7;178.6;177.5
BA_PYR1_0199,LCA3S,3,0,11.3,175.5;174.7;11.3
BA_PYR1_0199,LCAM,3,0,6.9,174.8;173.4;6.9
BA_PYR1_0201,LCA3S,3,0,8.8,173.8;174.7;8.8
BA_PYR1_0201,LCAM,3,0,3.2,176.8;178.3;1.2
BA_PYR1_0210,LCA3S,3,0,8.7,175.4;175.0;8.7
BA_PYR1_0210,LCAM,3,0,5.2,174.8;178.9;4.6
BA_PYR1_0214,LCA3S,3,0,6.2,176.6;177.3;6.2
BA_PYR1_0214,LCAM,3,0,4.2,177.6;177.1;4.2
BA_PYR1_0216,LCA3S,3,0,2.6,177.4;178.8;0.7
BA_PYR1_0216,LCAM,3,0,11.8,172.4;171.8;11.8
BA_PYR1_0217,LCA3S,3,0,3.4,176.6;177.6;3.4
BA_PYR1_0217,LCAM,3,0,5.8,176.1;176.6;174.2
BA_PYR1_0218,LCA3S,3,0,2.9,177.1;178.0;2.9
BA_PYR1_0218,LCAM,3,0,5.2,174.8;175.3;2.1
BA_PYR1_0224,LCA3S,3,0,5.2,176.8;178.2;5.2
BA_PYR1_0224,LCAM,3,0,4.2,175.8;176.8;0.9
BA_PYR1_0226,LCA3S,3,0,5.6,176.4;178.0;5.6
BA_PYR1_0226,LCAM,3,0,5.2,174.8;178.1;1.5
BA_PYR1_0228,LCA3S,3,0,5.6,174.5;176.5;5.6
BA_PYR1_0228,LCAM,3,0,4.6,176.1;177.2;4.6
BA_PYR1_0247,LCA3S,3,0,3.3,176.7;177.4;0.8
BA_PYR1_0247,LCAM,3,0,4.8,175.2;177.8;4.8
BA_PYR1_0262,LCA3S,3,0,3.8,177.0;179.1;3.8
BA_PYR1_0262,LCAM,3,0,4.7,177.9;175.8;175.3
BA_PYR1_0265,LCA3S,3,0,3.8,178.3;178.9;3.8
BA_PYR1_0265,LCAM,3,0,4.7,175.3;177.2;4.6
BA_PYR1_0266,LCA3S,3,0,7.3,177.7;178.0;7.3
BA_PYR1_0266,LCAM,3,0,11.8,172.4;173.8;11.8
BA_PYR1_0276,LCA3S,3,0,5.3,174.7;178.3;4.4
BA_PYR1_0276,LCAM,3,0,4.5,175.5;179.8;1.6
BA_PYR1_0302,LCA3S,3,0,9.2,174.3;174.8;9.2
BA_PYR1_0302,LCAM,3,0,5.7,174.3;176.7;5.0
BA_PYR1_0309,LCA3S,3,0,8.4,174.4;176.2;8.4
BA_PYR1_0309,LCAM,3,0,6.1,173.9;178.2;3.2
BA_PYR1_0310,LCA3S,3,0,4.7,175.3;177.4;3.9
BA_PYR1_0310,LCAM,3,0,5.0,175.0;176.8;1.9
BA_PYR1_0325,LCA3S,3,0,6.0,174.0;178.1;177.4
BA_PYR1_0325,LCAM,3,0,5.8,175.0;176.4;5.8
BA_PYR1_0331,LCA3S,3,0,1.8,178.2;179.2;1.4
BA_PYR1_0331,LCAM,3,0,12.8,171.3;170.5;167.2
BA_PYR1_0356,LCA3S,3,0,6.0,177.0;177.2;6.0
BA_PYR1_0356,LCAM,3,0,4.6,176.2;176.7;4.6
BA_PYR1_0410,LCA3S,3,0,6.0,175.9;177.0;6.0
BA_PYR1_0410,LCAM,3,0,4.8,175.2;177.4;0.1
BA_PYR1_0412,LCA3S,3,0,5.4,175.5;176.1;5.4
BA_PYR1_0412,LCAM,3,0,4.2,176.5;177.5;175.8
BA_PYR1_0414,LCA3S,3,0,8.6,176.2;176.6;8.6
BA_PYR1_0414,LCAM,3,0,7.6,174.2;175.7;7.6
BA_PYR1_0418,LCA3S,3,0,8.0,176.8;175.9;8.0
BA_PYR1_0418,LCAM,3,0,2.6,178.0;177.4;2.1
BA_PYR1_0420,LCA3S,3,0,7.3,176.7;176.7;7.3
BA_PYR1_0420,LCAM,3,0,6.1,175.3;176.4;6.1
BA_PYR1_0421,LCA3S,3,0,2.8,178.6;179.1;2.8
BA_PYR1_0421,LCAM,3,0,3.8,176.2;178.7;1.7
BA_PYR1_0445,LCA3S,3,0,4.0,178.4;176.0;2.0
BA_PYR1_0445,LCAM,3,0,4.3,176.3;175.7;3.4
BA_PYR1_0475,LCA3S,3,0,4.6,176.0;177.4;4.6
BA_PYR1_0475,LCAM,3,0,5.1,174.9;178.1;3.9
BA_PYR1_0476,LCA3S,3,0,4.0,176.0;179.3;177.0
BA_PYR1_0476,LCAM,3,0,4.6,176.0;177.5;175.4
BA_PYR1_0477,LCA3S,3,0,8.7,175.9;173.9;8.7
BA_PYR1_0477,LCAM,3,0,6.2,174.9;175.1;6.2
BA_PYR1_0493,LCA3S,3,0,2.8,177.2;178.1;2.1
BA_PYR1_0493,LCAM,3,0,7.9,172.1;172.7;7.1
BA_PYR1_0496,LCA3S,3,0,5.8,174.2;177.3;3.8
BA_PYR1_0496,LCAM,3,0,6.3,173.7;174.4;4.4
BA_PYR1_0518,LCA3S,3,0,5.6,175.2;177.0;5.6
BA_PYR1_0518,LCAM,3,0,5.1,174.9;177.3;5.0
BA_PYR1_0520,LCA3S,3,0,3.5,176.9;178.4;3.5
BA_PYR1_0520,LCAM,3,0,4.2,175.8;177.2;1.1
BA_PYR1_0526,LCA3S,3,0,3.8,176.2;179.5;2.9
BA_PYR1_0526,LCAM,3,0,9.5,176.2;178.3;9.5
BA_PYR1_0530,LCA3S,3,0,4.9,175.8;178.0;4.9
BA_PYR1_0530,LCAM,3,0,2.9,177.1;177.3;2.0
BA_PYR1_0533,LCA3S,3,0,2.4,177.8;179.8;2.4
BA_PYR1_0533,LCAM,3,0,6.0,176.2;175.8;6.0
BA_PYR1_0540,LCA3S,3,0,7.5,175.7;176.5;7.5
BA_PYR1_0540,LCAM,3,0,4.4,175.6;177.7;3.1
BA_PYR1_0546,LCA3S,3,0,3.7,177.2;177.1;3.7
BA_PYR1_0546,LCAM,3,0,5.8,176.2;177.1;5.8
BA_PYR1_0559,LCA3S,3,0,2.6,177.4;179.0;1.7
BA_PYR1_0559,LCAM,3,0,5.0,175.7;177.4;5.0
BA_PYR1_0564,LCA3S,3,0,3.6,176.4;177.5;3.5
BA_PYR1_0564,LCAM,3,0,5.0,175.0;176.2;2.3
BA_PYR1_0566,LCA3S,3,0,3.0,177.1;177.1;3.0
BA_PYR1_0566,LCAM,3,0,5.1,174.9;176.6;5.0
BA_PYR1_0567,LCA3S,3,0,4.3,176.8;177.6;4.3
BA_PYR1_0567,LCAM,3,0,5.5,174.5;177.5;2.0
BA_PYR1_0568,LCA3S,3,0,3.9,176.1;177.5;3.1
BA_PYR1_0568,LCAM,3,0,5.0,175.0;177.9;2.0
BA_PYR1_0571,LCA3S,3,0,4.2,175.8;177.9;2.0
BA_PYR1_0571,LCAM,3,0,5.0,175.5;178.0;5.0
BA_PYR1_0572,LCA3S,3,0,4.0,178.5;178.9;4.0
BA_PYR1_0572,LCAM,3,0,3.4,176.6;177.4;1.1
BA_PYR1_0592,LCA3S,3,0,4.8,178.7;178.3;4.8
BA_PYR1_0592,LCAM,3,0,2.7,177.6;179.1;2.7
BA_PYR1_0593,LCA3S,3,0,5.4,176.6;178.3;5.4
BA_PYR1_0593,LCAM,3,0,4.0,176.0;178.9;2.6
BA_PYR1_0594,LCA3S,3,0,6.3,177.6;177.7;6.3
BA_PYR1_0594,LCAM,3,0,2.6,177.4;178.4;1.9
BA_PYR1_0595,LCA3S,3,0,3.2,177.0;178.7;3.2
BA_PYR1_0595,LCAM,3,0,4.0,178.0;178.2;4.0
BA_PYR1_0596,LCA3S,3,0,3.2,176.8;179.1;1.6
BA_PYR1_0596,LCAM,3,0,3.7,176.3;178.0;1.7
BA_PYR1_0599,LCA3S,3,0,6.1,177.4;177.7;6.1
BA_PYR1_0599,LCAM,3,0,3.9,177.1;177.0;3.9
BA_PYR1_0604,LCA3S,3,0,6.6,174.3;176.8;6.6
BA_PYR1_0604,LCAM,3,0,5.3,174.7;177.1;3.7
BA_PYR1_0608,LCA3S,3,0,4.7,177.7;178.3;4.7
BA_PYR1_0608,LCAM,3,0,4.3,177.0;177.5;4.3
BA_PYR1_0609,LCA3S,3,0,5.6,177.0;177.1;5.6
BA_PYR1_0609,LCAM,3,0,5.6,174.4;175.9;3.1
BA_PYR1_0619,LCA3S,3,0,4.8,176.5;178.7;4.8
BA_PYR1_0619,LCAM,3,0,4.5,175.5;178.1;3.0
BA_PYR1_0632,LCA3S,3,0,10.8,175.2;174.5;10.8
BA_PYR1_0632,LCAM,3,0,8.1,173.8;175.3;8.1
BA_PYR1_0634,LCA3S,3,0,3.1,177.2;178.8;3.1
BA_PYR1_0634,LCAM,3,0,11.5,173.5;173.1;11.5
BA_PYR1_0635,LCA3S,3,0,7.5,173.8;177.1;172.5
BA_PYR1_0635,LCAM,3,0,8.0,172.0;178.0;177.2
BA_PYR1_0638,LCA3S,3,0,3.2,176.8;177.3;2.6
BA_PYR1_0638,LCAM,3,0,5.2,174.8;177.9;1.6
BA_PYR1_0662,LCA3S,3,0,2.0,179.3;178.4;2.0
BA_PYR1_0662,LCAM,3,0,5.3,176.0;178.0;5.3
BA_PYR1_0739,LCA3S,3,0,10.7,174.7;174.9;10.7
BA_PYR1_0739,LCAM,3,0,3.7,178.2;176.3;0.8
BA_PYR1_0745,LCA3S,3,0,4.1,177.6;177.9;4.1
BA_PYR1_0745,LCAM,3,0,5.7,175.3;177.0;5.7
BA_PYR1_0746,LCA3S,3,0,3.5,178.6;177.4;3.5
BA_PYR1_0746,LCAM,3,0,4.2,176.7;175.8;2.1
BA_PYR1_0750,LCA3S,3,0,2.9,177.2;178.5;2.9
BA_PYR1_0750,LCAM,3,0,3.8,176.2;177.5;2.8
BA_PYR1_0772,LCA3S,3,0,8.1,176.7;177.5;8.1
BA_PYR1_0772,LCAM,3,0,5.9,177.3;178.4;5.9
BA_PYR1_0774,LCA3S,3,0,2.3,178.2;179.4;2.3
BA_PYR1_0774,LCAM,3,0,2.8,177.2;178.2;2.6
BA_PYR1_0829,LCA3S,3,0,3.6,178.5;179.1;3.6
BA_PYR1_0829,LCAM,3,0,3.6,176.4;178.1;3.5
BA_PYR1_0837,LCA3S,3,0,5.4,176.2;177.5;5.4
BA_PYR1_0837,LCAM,3,0,6.1,173.9;177.3;4.4
BA_PYR1_0838,LCA3S,3,0,2.0,178.0;178.9;2.0
BA_PYR1_0838,LCAM,3,0,5.8,174.2;176.4;5.8
BA_PYR1_0839,LCA3S,3,0,6.2,177.1;177.4;6.2
BA_PYR1_0839,LCAM,3,0,5.9,174.1;176.7;5.6
BA_PYR1_0840,LCA3S,3,0,3.0,177.1;178.9;3.0
BA_PYR1_0840,LCAM,3,0,4.7,175.3;177.7;4.6
BA_PYR1_0847,LCA3S,3,0,3.8,176.2;178.4;1.0
BA_PYR1_0847,LCAM,3,0,8.0,174.0;174.3;8.0
BA_PYR1_0850,LCA3S,3,0,3.3,178.4;179.1;3.3
BA_PYR1_0850,LCAM,3,0,3.4,176.6;177.0;1.9
BA_PYR1_0861,LCA3S,3,0,3.1,176.9;179.0;1.7
BA_PYR1_0861,LCAM,3,0,6.6,174.6;174.8;6.6
BA_PYR1_0897,LCA3S,3,0,2.9,177.2;177.6;2.9
BA_PYR1_0897,LCAM,3,0,4.2,175.8;177.8;2.0
BA_PYR1_0908,LCA3S,3,0,5.3,175.9;178.2;5.3
BA_PYR1_0908,LCAM,3,0,3.7,176.3;178.6;2.3
BA_PYR1_0946,LCA3S,3,0,4.4,178.4;177.8;4.4
BA_PYR1_0946,LCAM,3,0,3.2,176.8;177.6;2.1
BA_PYR1_0959,LCA3S,3,0,5.2,175.1;178.4;5.2
BA_PYR1_0959,LCAM,3,0,6.5,173.5;176.9;3.4
BA_PYR1_0973,LCA3S,3,0,6.0,174.0;177.1;0.4
BA_PYR1_0973,LCAM,3,0,4.7,175.6;175.3;3.3
BA_PYR1_0978,LCA3S,3,0,4.3,177.0;177.1;4.3
BA_PYR1_0978,LCAM,3,0,12.0,174.8;173.2;12.0
BA_PYR1_1004,LCA3S,3,0,6.8,176.1;176.4;6.8
BA_PYR1_1004,LCAM,3,0,6.8,173.9;176.3;6.8
BA_PYR1_1013,LCA3S,3,0,1.0,179.1;179.5;1.0
BA_PYR1_1013,LCAM,3,0,5.3,174.7;176.4;2.3
BA_PYR1_1037,LCA3S,3,0,5.6,176.2;177.4;5.6
BA_PYR1_1037,LCAM,3,0,4.1,175.9;178.4;3.4
BA_PYR1_1039,LCA3S,3,0,4.4,177.8;179.1;4.4
BA_PYR1_1039,LCAM,3,0,6.0,174.0;176.5;174.3
BA_PYR1_1046,LCA3S,3,0,4.2,177.6;178.3;4.2
BA_PYR1_1046,LCAM,3,0,4.3,176.5;178.0;4.3
BA_PYR1_1047,LCA3S,3,0,5.1,176.1;176.8;5.1
BA_PYR1_1047,LCAM,3,0,3.5,176.5;179.7;2.8
BA_PYR1_1048,LCA3S,3,0,10.7,177.9;176.5;10.7
BA_PYR1_1048,LCAM,3,0,2.4,177.6;179.7;1.8
BA_PYR1_1080,LCA3S,3,0,5.2,176.1;177.1;5.2
BA_PYR1_1080,LCAM,3,0,5.5,174.5;178.1;3.4
BA_PYR1_1091,LCA3S,3,0,5.5,177.3;178.1;5.5
BA_PYR1_1091,LCAM,3,0,9.3,175.6;174.3;9.3
BA_PYR1_1101,LCA3S,3,0,5.7,174.3;176.5;3.5
BA_PYR1_1101,LCAM,3,0,4.4,175.6;178.6;2.7
BA_PYR1_1116,LCA3S,3,0,4.6,175.4;178.8;4.4
BA_PYR1_1116,LCAM,3,0,5.8,175.0;175.2;5.8
BA_PYR1_1117,LCA3S,3,0,3.4,177.7;178.1;3.4
BA_PYR1_1117,LCAM,3,0,7.1,175.8;175.1;7.1
BA_PYR1_1125,LCA3S,3,0,4.4,175.6;177.6;2.2
BA_PYR1_1125,LCAM,3,0,7.2,174.5;175.0;7.2
BA_PYR1_1138,LCA3S,3,0,6.5,174.6;175.9;6.5
BA_PYR1_1138,LCAM,3,0,5.8,174.2;177.3;4.1
BA_PYR1_1139,LCA3S,3,0,6.2,174.1;175.5;6.2
BA_PYR1_1139,LCAM,3,0,5.6,174.5;174.4;2.5
BA_PYR1_1140,LCA3S,3,0,7.6,175.3;176.2;7.6
BA_PYR1_1140,LCAM,3,0,6.1,175.0;176.3;6.1
BA_PYR1_1141,LCA3S,3,0,6.4,175.7;176.6;6.4
BA_PYR1_1141,LCAM,3,0,5.9,175.0;177.0;5.9
BA_PYR1_1154,LCA3S,3,0,4.1,175.9;179.5;0.4
BA_PYR1_1154,LCAM,3,0,3.6,176.5;178.5;3.6
BA_PYR1_1192,LCA3S,3,0,5.0,177.2;177.6;5.0
BA_PYR1_1192,LCAM,3,0,4.4,175.6;177.1;2.4
BA_PYR1_1203,LCA3S,3,0,5.7,174.6;176.8;5.7
BA_PYR1_1203,LCAM,3,0,4.9,175.1;178.7;178.2
BA_PYR1_1207,LCA3S,3,0,2.5,177.5;179.0;0.4
BA_PYR1_1207,LCAM,3,0,4.7,175.9;178.5;4.7
BA_PYR1_1251,LCA3S,3,0,5.3,176.5;177.9;5.3
BA_PYR1_1251,LCAM,3,0,8.8,174.9;173.4;8.8
BA_PYR1_1254,LCA3S,3,0,3.8,177.3;178.5;3.8
BA_PYR1_1254,LCAM,3,0,3.1,176.9;179.2;2.4
BA_PYR1_1255,LCA3S,3,0,9.9,176.3;176.7;9.9
BA_PYR1_1255,LCAM,3,0,3.9,176.1;177.9;3.2
BA_PYR1_1256,LCA3S,3,0,6.8,178.2;178.3;6.8
BA_PYR1_1256,LCAM,3,0,2.9,177.1;179.0;1.8
BA_PYR1_1257,LCA3S,3,0,4.0,176.0;178.8;2.4
BA_PYR1_1257,LCAM,3,0,4.9,175.1;178.6;3.1
BA_PYR1_1259,LCA3S,3,0,2.8,177.2;178.9;0.6
BA_PYR1_1259,LCAM,3,0,3.4,176.6;178.5;3.0
BA_PYR1_1260,LCA3S,3,0,4.3,177.2;178.8;4.3
BA_PYR1_1260,LCAM,3,0,5.0,175.0;177.7;3.3
BA_PYR1_1275,LCA3S,3,0,3.4,176.6;179.3;2.5
BA_PYR1_1275,LCAM,3,0,4.5,175.5;177.2;4.0
BA_PYR1_1276,LCA3S,3,0,5.3,176.3;177.4;5.3
BA_PYR1_1276,LCAM,3,0,5.2,175.0;175.7;5.2
BA_PYR1_1277,LCA3S,3,0,2.6,177.4;179.6;2.3
BA_PYR1_1277,LCAM,3,0,3.9,176.1;177.9;2.4
BA_PYR1_1278,LCA3S,3,0,2.7,177.3;178.2;1.4
BA_PYR1_1278,LCAM,3,0,5.7,174.7;175.6;5.7
BA_PYR1_1284,LCA3S,3,0,4.4,176.2;178.5;4.4
BA_PYR1_1284,LCAM,3,0,4.2,175.8;177.7;2.0
BA_PYR1_1288,LCA3S,3,0,5.4,175.2;177.5;5.4
BA_PYR1_1288,LCAM,3,0,4.3,176.3;177.8;4.3
BA_PYR1_1290,LCA3S,3,0,3.1,177.5;179.5;176.9
BA_PYR1_1290,LCAM,3,0,4.4,175.8;177.2;4.4
BA_PYR1_1299,LCA3S,3,0,7.8,175.0;176.9;7.8
BA_PYR1_1299,LCAM,3,0,6.8,174.6;176.7;6.8
BA_PYR1_1302,LCA3S,3,0,6.0,176.8;176.6;6.0
BA_PYR1_1302,LCAM,3,0,10.7,177.1;174.5;169.3
BA_PYR1_1307,LCA3S,3,0,6.6,176.2;176.7;6.6
BA_PYR1_1307,LCAM,3,0,5.1,174.9;175.2;2.9
BA_PYR1_1308,LCA3S,3,0,8.9,175.9;176.0;8.9
BA_PYR1_1308,LCAM,3,0,6.6,173.4;175.1;4.1
BA_PYR1_1309,LCA3S,3,0,7.4,176.4;176.8;7.4
BA_PYR1_1309,LCAM,3,0,5.4,175.0;174.6;4.1
BA_PYR1_1310,LCA3S,3,0,6.6,177.6;177.9;6.6
BA_PYR1_1310,LCAM,3,0,4.8,175.2;176.6;4.6
BA_PYR1_1328,LCA3S,3,0,5.1,178.8;178.9;5.1
BA_PYR1_1328,LCAM,3,0,3.4,177.6;179.7;3.4
BA_PYR1_1329,LCA3S,3,0,5.2,177.0;177.9;5.2
BA_PYR1_1329,LCAM,3,0,3.5,176.5;179.3;2.6
BA_PYR1_1330,LCA3S,3,0,4.1,176.6;178.1;4.1
BA_PYR1_1330,LCAM,3,0,2.7,177.3;179.7;1.8
BA_PYR1_1336,LCA3S,3,0,5.9,177.4;177.1;5.9
BA_PYR1_1336,LCAM,3,0,3.8,176.5;177.4;3.8
BA_PYR1_1353,LCA3S,3,0,7.9,174.0;175.0;7.9
BA_PYR1_1353,LCAM,3,0,5.4,174.6;178.2;0.2
BA_PYR1_1372,LCA3S,3,0,2.8,177.4;178.5;2.8
BA_PYR1_1372,LCAM,3,0,5.1,175.2;174.9;175.3
BA_PYR1_1375,LCA3S,3,0,4.3,177.0;178.2;4.3
BA_PYR1_1375,LCAM,3,0,3.9,176.1;178.1;3.0
BA_PYR1_1378,LCA3S,3,0,8.6,177.3;176.6;8.6
BA_PYR1_1378,LCAM,3,0,4.8,175.4;175.2;3.4
BA_PYR1_1381,LCA3S,3,0,4.6,175.4;176.9;4.3
BA_PYR1_1381,LCAM,3,0,2.8,177.2;179.2;0.7
BA_PYR1_1384,LCA3S,3,0,4.4,179.1;178.8;4.4
BA_PYR1_1384,LCAM,3,0,1.6,178.5;179.0;1.6
BA_PYR1_1386,LCA3S,3,0,4.9,176.8;178.0;4.9
BA_PYR1_1386,LCAM,3,0,3.3,176.7;178.6;2.4
BA_PYR1_1388,LCA3S,3,0,4.5,178.1;178.3;4.5
BA_PYR1_1388,LCAM,3,0,2.8,177.2;179.1;1.7
BA_PYR1_1391,LCA3S,3,0,4.0,176.0;179.0;2.6
BA_PYR1_1391,LCAM,3,0,7.2,172.8;173.9;6.3
BA_PYR1_1392,LCA3S,3,0,3.5,176.5;178.9;2.3
BA_PYR1_1392,LCAM,3,0,3.9,176.1;178.4;3.5
BA_PYR1_1431,LCA3S,3,0,4.5,176.9;177.9;4.5
BA_PYR1_1431,LCAM,3,0,4.2,175.8;177.0;2.5
BA_PYR1_1434,LCA3S,3,0,3.2,177.3;178.8;3.2
BA_PYR1_1434,LCAM,3,0,3.9,176.1;178.3;2.3
BA_PYR1_1443,LCA3S,3,0,4.0,176.5;178.8;4.0
BA_PYR1_1443,LCAM,3,0,3.7,176.3;177.0;2.6
BA_PYR1_1444,LCA3S,3,0,5.9,175.1;175.9;5.9
BA_PYR1_1444,LCAM,3,0,4.0,176.0;179.0;2.5
BA_PYR1_1455,LCA3S,3,0,4.0,176.0;178.5;3.9
BA_PYR1_1455,LCAM,3,0,3.4,176.6;178.3;1.5
BA_PYR1_1457,LCA3S,3,0,7.0,176.7;177.5;7.0
BA_PYR1_1457,LCAM,3,0,4.8,175.2;177.6;3.6
BA_PYR1_1468,LCA3S,3,0,5.5,176.1;177.8;5.5
BA_PYR1_1468,LCAM,3,0,11.7,173.4;173.5;11.7
BA_PYR1_1470,LCA3S,3,0,12.7,173.6;172.8;12.7
BA_PYR1_1470,LCAM,3,0,12.6,171.9;170.3;12.6
BA_PYR1_1471,LCA3S,3,0,15.1,173.8;171.2;15.1
BA_PYR1_1471,LCAM,3,0,3.8,176.2;178.6;178.0
BA_PYR1_1472,LCA3S,3,0,16.6,172.2;168.6;16.6
BA_PYR1_1472,LCAM,3,0,7.7,173.5;174.3;172.3
BA_PYR1_1475,LCA3S,3,0,6.9,175.4;177.2;6.9
BA_PYR1_1475,LCAM,3,0,5.7,174.9;177.3;5.7
BA_PYR1_1484,LCA3S,3,0,7.5,174.5;175.2;7.5
BA_PYR1_1484,LCAM,3,0,5.3,174.7;177.7;2.9
BA_PYR1_1492,LCA3S,3,0,4.1,175.9;177.6;1.9
BA_PYR1_1492,LCAM,3,0,8.5,173.8;174.4;8.5
BA_PYR1_1494,LCA3S,3,0,10.0,172.8;173.3;10.0
BA_PYR1_1494,LCAM,3,0,6.7,173.3;176.3;3.0
BA_PYR1_1497,LCA3S,3,0,3.2,176.8;176.9;2.5
BA_PYR1_1497,LCAM,3,0,7.1,172.9;176.8;4.0
BA_PYR1_1500,LCA3S,3,0,8.8,176.6;176.1;8.8
BA_PYR1_1500,LCAM,3,0,5.1,175.3;176.5;5.1
BA_PYR1_1503,LCA3S,3,0,6.7,174.5;176.7;6.7
BA_PYR1_1503,LCAM,3,0,6.5,173.5;176.3;1.2
BA_PYR1_1504,LCA3S,3,0,6.2,174.7;175.9;6.2
BA_PYR1_1504,LCAM,3,0,5.8,174.2;176.2;3.6
BA_PYR1_1507,LCA3S,3,0,6.2,174.8;176.8;6.2
BA_PYR1_1507,LCAM,3,0,5.1,174.9;176.1;2.1
BA_PYR1_1509,LCA3S,3,0,6.3,174.2;176.0;6.3
BA_PYR1_1509,LCAM,3,0,5.5,174.5;176.5;3.1
BA_PYR1_1510,LCA3S,3,0,5.8,176.5;177.1;5.8
BA_PYR1_1510,LCAM,3,0,4.3,175.7;178.4;4.1
BA_PYR1_1511,LCA3S,3,0,8.6,175.5;175.6;8.6
BA_PYR1_1511,LCAM,3,0,5.3,174.7;177.6;1.3
BA_PYR1_1513,LCA3S,3,0,7.3,175.7;176.6;7.3
BA_PYR1_1513,LCAM,3,0,5.6,174.4;177.4;4.7
BA_PYR1_1515,LCA3S,3,0,7.0,176.4;177.1;7.0
BA_PYR1_1515,LCAM,3,0,4.9,175.1;176.1;1.7
BA_PYR1_1526,LCA3S,3,0,3.6,176.4;177.8;1.5
BA_PYR1_1526,LCAM,3,0,10.5,174.5;173.5;10.5
BA_PYR1_1532,LCA3S,3,0,7.3,176.2;177.0;7.3
BA_PYR1_1532,LCAM,3,0,4.5,175.5;178.4;2.3
BA_PYR1_1545,LCA3S,3,0,4.8,177.6;178.1;4.8
BA_PYR1_1545,LCAM,3,0,4.6,175.4;176.9;4.6
BA_PYR1_1546,LCA3S,3,0,5.5,178.0;177.4;5.5
BA_PYR1_1546,LCAM,3,0,5.0,175.0;178.3;3.8
BA_PYR1_1547,LCA3S,3,0,6.3,178.6;178.0;6.3
BA_PYR1_1547,LCAM,3,0,3.3,176.7;177.0;3.0
BA_PYR1_1553,LCA3S,3,0,3.1,178.3;177.3;3.1
BA_PYR1_1553,LCAM,3,0,3.9,177.0;176.1;3.2
BA_PYR1_1556,LCA3S,3,0,3.6,176.4;178.6;2.8
BA_PYR1_1556,LCAM,3,0,4.3,175.7;179.0;2.3
BA_PYR1_1563,LCA3S,3,0,4.7,176.2;178.1;4.7
BA_PYR1_1563,LCAM,3,0,3.7,176.5;176.3;1.6
BA_PYR1_1569,LCA3S,3,0,2.8,178.1;179.1;2.8
BA_PYR1_1569,LCAM,3,0,3.4,176.6;178.3;3.2
BA_PYR1_1609,LCA3S,3,0,8.3,174.9;175.8;8.3
BA_PYR1_1609,LCAM,3,0,5.8,174.2;177.0;1.4
BA_PYR1_1614,LCA3S,3,0,10.0,175.5;173.9;10.0
BA_PYR1_1614,LCAM,3,0,11.5,172.8;168.7;11.5
BA_PYR1_1650,LCA3S,3,0,5.5,174.5;176.1;4.0
BA_PYR1_1650,LCAM,3,0,10.6,173.3;173.3;10.6
BA_PYR1_1655,LCA3S,3,0,5.4,177.6;176.5;5.4
BA_PYR1_1655,LCAM,3,0,3.7,176.9;176.3;2.9
