sequence_id,ligand,rep_seed,pdb,evaluable,n_inverted,inverted_centres,min_intra_dist,geometry_ok
BA_PYR1_0004,LCA3S,4,pdbs/BA_PYR1_0004__LCA3S.pdb,1,0,,1.246,1
BA_PYR1_0004,LCAM,1,pdbs/BA_PYR1_0004__LCAM.pdb,1,0,,1.235,1
BA_PYR1_0015,LCA3S,4,pdbs/BA_PYR1_0015__LCA3S.pdb,1,0,,1.239,1
BA_PYR1_0015,LCAM,4,pdbs/BA_PYR1_0015__LCAM.pdb,1,0,,1.237,1
BA_PYR1_0020,LCAM,1,pdbs/BA_PYR1_0020__LCAM.pdb,1,0,,1.240,1
BA_PYR1_0025,LCA3S,2,pdbs/BA_PYR1_0025__LCA3S.pdb,1,0,,1.210,1
BA_PYR1_0031,LCA3S,1,pdbs/BA_PYR1_0031__LCA3S.pdb,1,0,,1.229,1
BA_PYR1_0048,LCAM,5,pdbs/BA_PYR1_0048__LCAM.pdb,1,0,,1.230,1
BA_PYR1_0057,LCAM,4,pdbs/BA_PYR1_0057__LCAM.pdb,1,0,,1.226,1
BA_PYR1_0058,LCAM,3,pdbs/BA_PYR1_0058__LCAM.pdb,1,0,,1.237,1
BA_PYR1_0083,LCA3S,3,pdbs/BA_PYR1_0083__LCA3S.pdb,1,0,,1.226,1
BA_PYR1_0083,LCAM,5,pdbs/BA_PYR1_0083__LCAM.pdb,1,0,,1.223,1
BA_PYR1_0084,LCA3S,3,pdbs/BA_PYR1_0084__LCA3S.pdb,1,0,,1.243,1
BA_PYR1_0084,LCAM,1,pdbs/BA_PYR1_0084__LCAM.pdb,1,0,,1.234,1
BA_PYR1_0085,LCA3S,3,pdbs/BA_PYR1_0085__LCA3S.pdb,1,0,,1.237,1
BA_PYR1_0085,LCAM,1,pdbs/BA_PYR1_0085__LCAM.pdb,1,0,,1.234,1
BA_PYR1_0086,LCA3S,4,pdbs/BA_PYR1_0086__LCA3S.pdb,1,0,,1.228,1
BA_PYR1_0086,LCAM,1,pdbs/BA_PYR1_0086__LCAM.pdb,1,0,,1.234,1
BA_PYR1_0091,LCA3S,5,pdbs/BA_PYR1_0091__LCA3S.pdb,1,0,,1.233,1
BA_PYR1_0092,LCA3S,5,pdbs/BA_PYR1_0092__LCA3S.pdb,1,0,,1.241,1
BA_PYR1_0092,LCAM,1,pdbs/BA_PYR1_0092__LCAM.pdb,1,0,,1.234,1
BA_PYR1_0138,LCAM,1,pdbs/BA_PYR1_0138__LCAM.pdb,1,0,,1.238,1
BA_PYR1_0151,LCA3S,3,pdbs/BA_PYR1_0151__LCA3S.pdb,1,0,,1.244,1
BA_PYR1_0164,LCA3S,1,pdbs/BA_PYR1_0164__LCA3S.pdb,1,0,,1.229,1
BA_PYR1_0174,LCA3S,2,pdbs/BA_PYR1_0174__LCA3S.pdb,1,0,,1.229,1
BA_PYR1_0180,LCA3S,3,pdbs/BA_PYR1_0180__LCA3S.pdb,1,0,,1.229,1
BA_PYR1_0194,LCA3S,3,pdbs/BA_PYR1_0194__LCA3S.pdb,1,0,,1.220,1
BA_PYR1_0194,LCAM,2,pdbs/BA_PYR1_0194__LCAM.pdb,1,0,,1.216,1
BA_PYR1_0201,LCAM,1,pdbs/BA_PYR1_0201__LCAM.pdb,1,0,,1.232,1
BA_PYR1_0210,LCA3S,3,pdbs/BA_PYR1_0210__LCA3S.pdb,1,0,,1.236,1
BA_PYR1_0214,LCA3S,2,pdbs/BA_PYR1_0214__LCA3S.pdb,1,0,,1.221,1
BA_PYR1_0214,LCAM,3,pdbs/BA_PYR1_0214__LCAM.pdb,1,0,,1.229,1
BA_PYR1_0219,LCA3S,2,pdbs/BA_PYR1_0219__LCA3S.pdb,1,0,,1.208,1
BA_PYR1_0261,LCA3S,2,pdbs/BA_PYR1_0261__LCA3S.pdb,1,0,,1.233,1
BA_PYR1_0264,LCAM,2,pdbs/BA_PYR1_0264__LCAM.pdb,1,0,,1.228,1
BA_PYR1_0265,LCA3S,4,pdbs/BA_PYR1_0265__LCA3S.pdb,1,0,,1.237,1
BA_PYR1_0265,LCAM,5,pdbs/BA_PYR1_0265__LCAM.pdb,1,0,,1.216,1
BA_PYR1_0266,LCA3S,2,pdbs/BA_PYR1_0266__LCA3S.pdb,1,0,,1.235,1
BA_PYR1_0266,LCAM,5,pdbs/BA_PYR1_0266__LCAM.pdb,1,0,,1.215,1
BA_PYR1_0276,LCAM,5,pdbs/BA_PYR1_0276__LCAM.pdb,1,0,,1.241,1
BA_PYR1_0301,LCA3S,4,pdbs/BA_PYR1_0301__LCA3S.pdb,1,0,,1.246,1
BA_PYR1_0301,LCAM,3,pdbs/BA_PYR1_0301__LCAM.pdb,1,0,,1.227,1
BA_PYR1_0325,LCAM,1,pdbs/BA_PYR1_0325__LCAM.pdb,1,0,,1.225,1
BA_PYR1_0333,LCA3S,2,pdbs/BA_PYR1_0333__LCA3S.pdb,1,0,,1.218,1
BA_PYR1_0352,LCAM,4,pdbs/BA_PYR1_0352__LCAM.pdb,1,0,,1.234,1
BA_PYR1_0400,LCAM,1,pdbs/BA_PYR1_0400__LCAM.pdb,1,0,,1.216,1
BA_PYR1_0402,LCA3S,1,pdbs/BA_PYR1_0402__LCA3S.pdb,1,0,,1.239,1
BA_PYR1_0402,LCAM,3,pdbs/BA_PYR1_0402__LCAM.pdb,1,0,,1.221,1
BA_PYR1_0404,LCA3S,4,pdbs/BA_PYR1_0404__LCA3S.pdb,1,0,,1.212,1
BA_PYR1_0407,LCA3S,4,pdbs/BA_PYR1_0407__LCA3S.pdb,1,0,,1.244,1
BA_PYR1_0407,LCAM,3,pdbs/BA_PYR1_0407__LCAM.pdb,1,0,,1.212,1
BA_PYR1_0411,LCA3S,4,pdbs/BA_PYR1_0411__LCA3S.pdb,1,0,,1.218,1
BA_PYR1_0418,LCAM,2,pdbs/BA_PYR1_0418__LCAM.pdb,1,0,,1.243,1
BA_PYR1_0423,LCAM,2,pdbs/BA_PYR1_0423__LCAM.pdb,1,0,,1.243,1
BA_PYR1_0445,LCAM,4,pdbs/BA_PYR1_0445__LCAM.pdb,1,0,,1.221,1
BA_PYR1_0450,LCAM,1,pdbs/BA_PYR1_0450__LCAM.pdb,1,0,,1.242,1
BA_PYR1_0456,LCA3S,2,pdbs/BA_PYR1_0456__LCA3S.pdb,1,0,,1.219,1
BA_PYR1_0456,LCAM,3,pdbs/BA_PYR1_0456__LCAM.pdb,1,0,,1.221,1
BA_PYR1_0475,LCA3S,4,pdbs/BA_PYR1_0475__LCA3S.pdb,1,0,,1.227,1
BA_PYR1_0529,LCAM,3,pdbs/BA_PYR1_0529__LCAM.pdb,1,0,,1.217,1
BA_PYR1_0559,LCA3S,2,pdbs/BA_PYR1_0559__LCA3S.pdb,1,0,,1.227,1
BA_PYR1_0565,LCAM,2,pdbs/BA_PYR1_0565__LCAM.pdb,1,0,,1.225,1
BA_PYR1_0569,LCAM,2,pdbs/BA_PYR1_0569__LCAM.pdb,1,0,,1.227,1
BA_PYR1_0571,LCA3S,5,pdbs/BA_PYR1_0571__LCA3S.pdb,1,0,,1.233,1
BA_PYR1_0571,LCAM,2,pdbs/BA_PYR1_0571__LCAM.pdb,1,0,,1.233,1
BA_PYR1_0585,LCAM,5,pdbs/BA_PYR1_0585__LCAM.pdb,1,0,,1.230,1
BA_PYR1_0592,LCA3S,3,pdbs/BA_PYR1_0592__LCA3S.pdb,1,0,,1.233,1
BA_PYR1_0592,LCAM,3,pdbs/BA_PYR1_0592__LCAM.pdb,1,0,,1.236,1
BA_PYR1_0593,LCA3S,1,pdbs/BA_PYR1_0593__LCA3S.pdb,1,0,,1.240,1
BA_PYR1_0593,LCAM,1,pdbs/BA_PYR1_0593__LCAM.pdb,1,0,,1.237,1
BA_PYR1_0594,LCA3S,1,pdbs/BA_PYR1_0594__LCA3S.pdb,1,0,,1.239,1
BA_PYR1_0594,LCAM,3,pdbs/BA_PYR1_0594__LCAM.pdb,1,0,,1.223,1
BA_PYR1_0595,LCA3S,3,pdbs/BA_PYR1_0595__LCA3S.pdb,1,0,,1.230,1
BA_PYR1_0595,LCAM,2,pdbs/BA_PYR1_0595__LCAM.pdb,1,0,,1.237,1
BA_PYR1_0598,LCA3S,1,pdbs/BA_PYR1_0598__LCA3S.pdb,1,0,,1.221,1
BA_PYR1_0599,LCA3S,5,pdbs/BA_PYR1_0599__LCA3S.pdb,1,0,,1.231,1
BA_PYR1_0599,LCAM,3,pdbs/BA_PYR1_0599__LCAM.pdb,1,0,,1.232,1
BA_PYR1_0605,LCA3S,1,pdbs/BA_PYR1_0605__LCA3S.pdb,1,0,,1.219,1
BA_PYR1_0605,LCAM,3,pdbs/BA_PYR1_0605__LCAM.pdb,1,0,,1.224,1
BA_PYR1_0608,LCAM,3,pdbs/BA_PYR1_0608__LCAM.pdb,1,0,,1.212,1
BA_PYR1_0609,LCA3S,3,pdbs/BA_PYR1_0609__LCA3S.pdb,1,0,,1.231,1
BA_PYR1_0613,LCA3S,2,pdbs/BA_PYR1_0613__LCA3S.pdb,1,0,,1.233,1
BA_PYR1_0617,LCA3S,1,pdbs/BA_PYR1_0617__LCA3S.pdb,1,0,,1.233,1
BA_PYR1_0619,LCAM,4,pdbs/BA_PYR1_0619__LCAM.pdb,1,0,,1.235,1
BA_PYR1_0638,LCAM,3,pdbs/BA_PYR1_0638__LCAM.pdb,1,0,,1.231,1
BA_PYR1_0639,LCA3S,4,pdbs/BA_PYR1_0639__LCA3S.pdb,1,0,,1.225,1
BA_PYR1_0639,LCAM,4,pdbs/BA_PYR1_0639__LCAM.pdb,1,0,,1.231,1
BA_PYR1_0643,LCA3S,2,pdbs/BA_PYR1_0643__LCA3S.pdb,1,0,,1.224,1
BA_PYR1_0655,LCAM,3,pdbs/BA_PYR1_0655__LCAM.pdb,1,0,,1.221,1
BA_PYR1_0656,LCA3S,1,pdbs/BA_PYR1_0656__LCA3S.pdb,1,0,,1.239,1
BA_PYR1_0681,LCA3S,1,pdbs/BA_PYR1_0681__LCA3S.pdb,1,0,,1.230,1
BA_PYR1_0697,LCA3S,4,pdbs/BA_PYR1_0697__LCA3S.pdb,1,0,,1.217,1
BA_PYR1_0697,LCAM,4,pdbs/BA_PYR1_0697__LCAM.pdb,1,0,,1.215,1
BA_PYR1_0700,LCA3S,5,pdbs/BA_PYR1_0700__LCA3S.pdb,1,0,,1.217,1
BA_PYR1_0715,LCA3S,3,pdbs/BA_PYR1_0715__LCA3S.pdb,1,0,,1.225,1
BA_PYR1_0717,LCA3S,3,pdbs/BA_PYR1_0717__LCA3S.pdb,1,0,,1.246,1
BA_PYR1_0739,LCA3S,5,pdbs/BA_PYR1_0739__LCA3S.pdb,1,0,,1.229,1
BA_PYR1_0741,LCAM,4,pdbs/BA_PYR1_0741__LCAM.pdb,1,0,,1.225,1
BA_PYR1_0742,LCAM,2,pdbs/BA_PYR1_0742__LCAM.pdb,1,0,,1.234,1
BA_PYR1_0746,LCAM,3,pdbs/BA_PYR1_0746__LCAM.pdb,1,0,,1.218,1
BA_PYR1_0755,LCA3S,2,pdbs/BA_PYR1_0755__LCA3S.pdb,1,0,,1.216,1
BA_PYR1_0759,LCA3S,4,pdbs/BA_PYR1_0759__LCA3S.pdb,1,0,,1.235,1
BA_PYR1_0759,LCAM,5,pdbs/BA_PYR1_0759__LCAM.pdb,1,0,,1.242,1
BA_PYR1_0763,LCAM,4,pdbs/BA_PYR1_0763__LCAM.pdb,1,0,,1.239,1
BA_PYR1_0774,LCA3S,5,pdbs/BA_PYR1_0774__LCA3S.pdb,1,0,,1.221,1
BA_PYR1_0774,LCAM,3,pdbs/BA_PYR1_0774__LCAM.pdb,1,0,,1.216,1
BA_PYR1_0786,LCA3S,1,pdbs/BA_PYR1_0786__LCA3S.pdb,1,0,,1.224,1
BA_PYR1_0808,LCAM,4,pdbs/BA_PYR1_0808__LCAM.pdb,1,0,,1.229,1
BA_PYR1_0810,LCA3S,4,pdbs/BA_PYR1_0810__LCA3S.pdb,1,0,,1.207,1
BA_PYR1_0812,LCA3S,4,pdbs/BA_PYR1_0812__LCA3S.pdb,1,0,,1.230,1
BA_PYR1_0830,LCA3S,1,pdbs/BA_PYR1_0830__LCA3S.pdb,1,0,,1.229,1
BA_PYR1_0833,LCA3S,3,pdbs/BA_PYR1_0833__LCA3S.pdb,1,0,,1.223,1
BA_PYR1_0837,LCA3S,2,pdbs/BA_PYR1_0837__LCA3S.pdb,1,0,,1.218,1
BA_PYR1_0840,LCA3S,2,pdbs/BA_PYR1_0840__LCA3S.pdb,1,0,,1.226,1
BA_PYR1_0847,LCAM,5,pdbs/BA_PYR1_0847__LCAM.pdb,1,0,,1.223,1
BA_PYR1_0870,LCA3S,3,pdbs/BA_PYR1_0870__LCA3S.pdb,1,0,,1.230,1
BA_PYR1_0877,LCAM,2,pdbs/BA_PYR1_0877__LCAM.pdb,1,0,,1.224,1
BA_PYR1_0891,LCA3S,2,pdbs/BA_PYR1_0891__LCA3S.pdb,1,0,,1.230,1
BA_PYR1_0891,LCAM,1,pdbs/BA_PYR1_0891__LCAM.pdb,1,0,,1.234,1
BA_PYR1_0908,LCAM,3,pdbs/BA_PYR1_0908__LCAM.pdb,1,0,,1.243,1
BA_PYR1_0971,LCA3S,3,pdbs/BA_PYR1_0971__LCA3S.pdb,1,0,,1.211,1
BA_PYR1_0971,LCAM,3,pdbs/BA_PYR1_0971__LCAM.pdb,1,0,,1.220,1
BA_PYR1_0973,LCAM,2,pdbs/BA_PYR1_0973__LCAM.pdb,1,0,,1.235,1
BA_PYR1_0977,LCAM,5,pdbs/BA_PYR1_0977__LCAM.pdb,1,0,,1.211,1
BA_PYR1_0996,LCAM,1,pdbs/BA_PYR1_0996__LCAM.pdb,1,0,,1.231,1
BA_PYR1_1000,LCA3S,5,pdbs/BA_PYR1_1000__LCA3S.pdb,1,0,,1.223,1
BA_PYR1_1009,LCAM,5,pdbs/BA_PYR1_1009__LCAM.pdb,1,0,,1.233,1
BA_PYR1_1046,LCA3S,4,pdbs/BA_PYR1_1046__LCA3S.pdb,1,0,,1.235,1
BA_PYR1_1046,LCAM,1,pdbs/BA_PYR1_1046__LCAM.pdb,1,0,,1.229,1
BA_PYR1_1047,LCA3S,1,pdbs/BA_PYR1_1047__LCA3S.pdb,1,0,,1.235,1
BA_PYR1_1047,LCAM,1,pdbs/BA_PYR1_1047__LCAM.pdb,1,0,,1.242,1
BA_PYR1_1048,LCA3S,4,pdbs/BA_PYR1_1048__LCA3S.pdb,1,0,,1.237,1
BA_PYR1_1048,LCAM,5,pdbs/BA_PYR1_1048__LCAM.pdb,1,0,,1.228,1
BA_PYR1_1080,LCA3S,3,pdbs/BA_PYR1_1080__LCA3S.pdb,1,0,,1.220,1
BA_PYR1_1080,LCAM,5,pdbs/BA_PYR1_1080__LCAM.pdb,1,0,,1.219,1
BA_PYR1_1093,LCA3S,2,pdbs/BA_PYR1_1093__LCA3S.pdb,1,0,,1.226,1
BA_PYR1_1097,LCA3S,2,pdbs/BA_PYR1_1097__LCA3S.pdb,1,0,,1.234,1
BA_PYR1_1097,LCAM,5,pdbs/BA_PYR1_1097__LCAM.pdb,1,0,,1.233,1
BA_PYR1_1099,LCA3S,1,pdbs/BA_PYR1_1099__LCA3S.pdb,1,0,,1.229,1
BA_PYR1_1117,LCAM,5,pdbs/BA_PYR1_1117__LCAM.pdb,1,0,,1.230,1
BA_PYR1_1136,LCA3S,3,pdbs/BA_PYR1_1136__LCA3S.pdb,1,0,,1.233,1
BA_PYR1_1137,LCA3S,5,pdbs/BA_PYR1_1137__LCA3S.pdb,1,0,,1.232,1
BA_PYR1_1163,LCA3S,3,pdbs/BA_PYR1_1163__LCA3S.pdb,1,0,,1.221,1
BA_PYR1_1167,LCA3S,3,pdbs/BA_PYR1_1167__LCA3S.pdb,1,0,,1.234,1
BA_PYR1_1167,LCAM,1,pdbs/BA_PYR1_1167__LCAM.pdb,1,0,,1.247,1
BA_PYR1_1172,LCA3S,3,pdbs/BA_PYR1_1172__LCA3S.pdb,1,0,,1.231,1
BA_PYR1_1192,LCA3S,4,pdbs/BA_PYR1_1192__LCA3S.pdb,1,0,,1.218,1
BA_PYR1_1194,LCAM,1,pdbs/BA_PYR1_1194__LCAM.pdb,1,0,,1.233,1
BA_PYR1_1196,LCAM,2,pdbs/BA_PYR1_1196__LCAM.pdb,1,0,,1.217,1
BA_PYR1_1214,LCAM,3,pdbs/BA_PYR1_1214__LCAM.pdb,1,0,,1.234,1
BA_PYR1_1227,LCA3S,4,pdbs/BA_PYR1_1227__LCA3S.pdb,1,0,,1.231,1
BA_PYR1_1227,LCAM,5,pdbs/BA_PYR1_1227__LCAM.pdb,1,0,,1.217,1
BA_PYR1_1251,LCAM,3,pdbs/BA_PYR1_1251__LCAM.pdb,1,0,,1.226,1
BA_PYR1_1254,LCA3S,3,pdbs/BA_PYR1_1254__LCA3S.pdb,1,0,,1.237,1
BA_PYR1_1254,LCAM,3,pdbs/BA_PYR1_1254__LCAM.pdb,1,0,,1.225,1
BA_PYR1_1255,LCA3S,4,pdbs/BA_PYR1_1255__LCA3S.pdb,1,0,,1.218,1
BA_PYR1_1255,LCAM,3,pdbs/BA_PYR1_1255__LCAM.pdb,1,0,,1.218,1
BA_PYR1_1256,LCA3S,1,pdbs/BA_PYR1_1256__LCA3S.pdb,1,0,,1.225,1
BA_PYR1_1256,LCAM,5,pdbs/BA_PYR1_1256__LCAM.pdb,1,0,,1.225,1
BA_PYR1_1264,LCA3S,4,pdbs/BA_PYR1_1264__LCA3S.pdb,1,0,,1.224,1
BA_PYR1_1264,LCAM,2,pdbs/BA_PYR1_1264__LCAM.pdb,1,0,,1.219,1
BA_PYR1_1277,LCA3S,4,pdbs/BA_PYR1_1277__LCA3S.pdb,1,0,,1.217,1
BA_PYR1_1278,LCAM,2,pdbs/BA_PYR1_1278__LCAM.pdb,1,0,,1.217,1
BA_PYR1_1288,LCA3S,5,pdbs/BA_PYR1_1288__LCA3S.pdb,1,0,,1.223,1
BA_PYR1_1288,LCAM,1,pdbs/BA_PYR1_1288__LCAM.pdb,1,0,,1.206,1
BA_PYR1_1295,LCA3S,3,pdbs/BA_PYR1_1295__LCA3S.pdb,1,0,,1.228,1
BA_PYR1_1299,LCAM,5,pdbs/BA_PYR1_1299__LCAM.pdb,1,0,,1.224,1
BA_PYR1_1300,LCA3S,3,pdbs/BA_PYR1_1300__LCA3S.pdb,1,0,,1.220,1
BA_PYR1_1328,LCA3S,2,pdbs/BA_PYR1_1328__LCA3S.pdb,1,0,,1.230,1
BA_PYR1_1328,LCAM,5,pdbs/BA_PYR1_1328__LCAM.pdb,1,0,,1.241,1
BA_PYR1_1329,LCA3S,5,pdbs/BA_PYR1_1329__LCA3S.pdb,1,0,,1.239,1
BA_PYR1_1329,LCAM,1,pdbs/BA_PYR1_1329__LCAM.pdb,1,0,,1.224,1
BA_PYR1_1330,LCA3S,3,pdbs/BA_PYR1_1330__LCA3S.pdb,1,0,,1.229,1
BA_PYR1_1330,LCAM,5,pdbs/BA_PYR1_1330__LCAM.pdb,1,0,,1.226,1
BA_PYR1_1335,LCA3S,4,pdbs/BA_PYR1_1335__LCA3S.pdb,1,0,,1.238,1
BA_PYR1_1337,LCA3S,4,pdbs/BA_PYR1_1337__LCA3S.pdb,1,0,,1.210,1
BA_PYR1_1344,LCAM,5,pdbs/BA_PYR1_1344__LCAM.pdb,1,0,,1.224,1
BA_PYR1_1347,LCA3S,1,pdbs/BA_PYR1_1347__LCA3S.pdb,1,0,,1.230,1
BA_PYR1_1349,LCA3S,2,pdbs/BA_PYR1_1349__LCA3S.pdb,1,0,,1.215,1
BA_PYR1_1349,LCAM,4,pdbs/BA_PYR1_1349__LCAM.pdb,1,0,,1.227,1
BA_PYR1_1353,LCA3S,3,pdbs/BA_PYR1_1353__LCA3S.pdb,1,0,,1.224,1
BA_PYR1_1356,LCAM,2,pdbs/BA_PYR1_1356__LCAM.pdb,1,0,,1.222,1
BA_PYR1_1375,LCA3S,3,pdbs/BA_PYR1_1375__LCA3S.pdb,1,0,,1.224,1
BA_PYR1_1375,LCAM,1,pdbs/BA_PYR1_1375__LCAM.pdb,1,0,,1.214,1
BA_PYR1_1384,LCA3S,2,pdbs/BA_PYR1_1384__LCA3S.pdb,1,0,,1.230,1
BA_PYR1_1384,LCAM,5,pdbs/BA_PYR1_1384__LCAM.pdb,1,0,,1.222,1
BA_PYR1_1386,LCA3S,3,pdbs/BA_PYR1_1386__LCA3S.pdb,1,0,,1.238,1
BA_PYR1_1386,LCAM,1,pdbs/BA_PYR1_1386__LCAM.pdb,1,0,,1.230,1
BA_PYR1_1388,LCA3S,2,pdbs/BA_PYR1_1388__LCA3S.pdb,1,0,,1.231,1
BA_PYR1_1388,LCAM,1,pdbs/BA_PYR1_1388__LCAM.pdb,1,0,,1.239,1
BA_PYR1_1391,LCA3S,1,pdbs/BA_PYR1_1391__LCA3S.pdb,1,0,,1.251,1
BA_PYR1_1391,LCAM,2,pdbs/BA_PYR1_1391__LCAM.pdb,1,0,,1.235,1
BA_PYR1_1392,LCA3S,3,pdbs/BA_PYR1_1392__LCA3S.pdb,1,0,,1.240,1
BA_PYR1_1392,LCAM,2,pdbs/BA_PYR1_1392__LCAM.pdb,1,0,,1.244,1
BA_PYR1_1397,LCA3S,1,pdbs/BA_PYR1_1397__LCA3S.pdb,1,0,,1.214,1
BA_PYR1_1408,LCA3S,2,pdbs/BA_PYR1_1408__LCA3S.pdb,1,0,,1.217,1
BA_PYR1_1426,LCA3S,5,pdbs/BA_PYR1_1426__LCA3S.pdb,1,0,,1.225,1
BA_PYR1_1427,LCA3S,2,pdbs/BA_PYR1_1427__LCA3S.pdb,1,0,,1.233,1
BA_PYR1_1431,LCA3S,5,pdbs/BA_PYR1_1431__LCA3S.pdb,1,0,,1.225,1
BA_PYR1_1434,LCA3S,3,pdbs/BA_PYR1_1434__LCA3S.pdb,1,0,,1.208,1
BA_PYR1_1441,LCA3S,3,pdbs/BA_PYR1_1441__LCA3S.pdb,1,0,,1.227,1
BA_PYR1_1446,LCA3S,5,pdbs/BA_PYR1_1446__LCA3S.pdb,1,0,,1.230,1
BA_PYR1_1455,LCA3S,5,pdbs/BA_PYR1_1455__LCA3S.pdb,1,0,,1.218,1
BA_PYR1_1468,LCA3S,4,pdbs/BA_PYR1_1468__LCA3S.pdb,1,0,,1.235,1
BA_PYR1_1468,LCAM,1,pdbs/BA_PYR1_1468__LCAM.pdb,1,0,,1.227,1
BA_PYR1_1475,LCA3S,1,pdbs/BA_PYR1_1475__LCA3S.pdb,1,0,,1.225,1
BA_PYR1_1484,LCA3S,3,pdbs/BA_PYR1_1484__LCA3S.pdb,1,0,,1.239,1
BA_PYR1_1488,LCAM,4,pdbs/BA_PYR1_1488__LCAM.pdb,1,0,,1.229,1
BA_PYR1_1490,LCA3S,4,pdbs/BA_PYR1_1490__LCA3S.pdb,1,0,,1.248,1
BA_PYR1_1491,LCAM,5,pdbs/BA_PYR1_1491__LCAM.pdb,1,0,,1.228,1
BA_PYR1_1493,LCAM,3,pdbs/BA_PYR1_1493__LCAM.pdb,1,0,,1.230,1
BA_PYR1_1494,LCA3S,4,pdbs/BA_PYR1_1494__LCA3S.pdb,1,0,,1.216,1
BA_PYR1_1496,LCAM,2,pdbs/BA_PYR1_1496__LCAM.pdb,1,0,,1.226,1
BA_PYR1_1498,LCAM,3,pdbs/BA_PYR1_1498__LCAM.pdb,1,0,,1.228,1
BA_PYR1_1500,LCA3S,4,pdbs/BA_PYR1_1500__LCA3S.pdb,1,0,,1.225,1
BA_PYR1_1500,LCAM,2,pdbs/BA_PYR1_1500__LCAM.pdb,1,0,,1.233,1
BA_PYR1_1508,LCAM,5,pdbs/BA_PYR1_1508__LCAM.pdb,1,0,,1.231,1
BA_PYR1_1512,LCAM,3,pdbs/BA_PYR1_1512__LCAM.pdb,1,0,,1.237,1
BA_PYR1_1514,LCAM,2,pdbs/BA_PYR1_1514__LCAM.pdb,1,0,,1.225,1
BA_PYR1_1526,LCAM,3,pdbs/BA_PYR1_1526__LCAM.pdb,1,0,,1.232,1
BA_PYR1_1554,LCAM,1,pdbs/BA_PYR1_1554__LCAM.pdb,1,0,,1.227,1
BA_PYR1_1569,LCAM,3,pdbs/BA_PYR1_1569__LCAM.pdb,1,0,,1.214,1
BA_PYR1_1596,LCAM,3,pdbs/BA_PYR1_1596__LCAM.pdb,1,0,,1.216,1
BA_PYR1_1655,LCAM,2,pdbs/BA_PYR1_1655__LCAM.pdb,1,0,,1.229,1
POS_G0,LCA3S,3,pdbs/POS_G0__LCA3S.pdb,1,0,,1.231,1
POS_G0,LCAM,3,pdbs/POS_G0__LCAM.pdb,1,0,,1.214,1
POS_seq26,LCA3S,5,pdbs/POS_seq26__LCA3S.pdb,1,0,,1.240,1
POS_seq26,LCAM,4,pdbs/POS_seq26__LCAM.pdb,1,0,,1.223,1
