sequence_id,ligand,cls,rep_seed,repicked,n_lig_atoms,lig_min_intra,lig_min_intra_pair,ligand_geom_bad,min_steric,min_polar,n_steric_lt28,n_steric_lt30,n_polar_lt24,min_any
BA_PYR1_0004,LCAM,binder,1,0,27,1.235089065614298,C24-O4A,0,3.1621152730411333,2.513017309928445,0,0,0,2.513017309928445
BA_PYR1_0004,LCA3S,binder,4,0,31,1.2455910243735702,C24-O4,0,2.9885898012273278,2.422943251502189,0,1,0,2.422943251502189
BA_PYR1_0083,LCAM,binder,5,0,27,1.2227219634896564,C24-O4A,0,2.8545490011558745,2.780084351238285,0,2,0,2.780084351238285
BA_PYR1_0083,LCA3S,binder,3,0,31,1.2256920494153496,C24-O4A,0,2.9265387405602543,2.2186477863780008,0,1,1,2.2186477863780008
BA_PYR1_0084,LCAM,binder,1,0,27,1.2335647530632512,C24-O4A,0,2.8074760907263308,2.7027117863360868,0,2,0,2.7027117863360868
BA_PYR1_0084,LCA3S,binder,3,0,31,1.2432735016881842,C24-O4,0,2.960712583146159,2.0285497282541525,0,2,1,2.0285497282541525
BA_PYR1_0085,LCAM,binder,1,0,27,1.2343759556958322,C24-O4A,0,3.1059312613127803,2.5978548843228326,0,0,0,2.5978548843228326
BA_PYR1_0085,LCA3S,binder,2,0,31,1.2379329545657953,C24-O4,0,2.866850536738879,2.3274082151612343,0,2,1,2.3274082151612343
BA_PYR1_0086,LCAM,binder,4,0,27,1.2310718906708902,C24-O4A,0,3.0996633688192654,2.400871508431886,0,0,0,2.400871508431886
BA_PYR1_0086,LCA3S,binder,5,0,31,1.2239497538706396,C24-O4A,0,3.0854986631013146,2.3577792517536493,0,0,1,2.3577792517536493
BA_PYR1_0201,LCAM,binder,1,0,27,1.2320393662541798,C24-O4A,0,3.180142921316588,1.9597395235081627,0,0,1,1.9597395235081627
BA_PYR1_0201,LCA3S,binder,1,0,31,1.2234782384660545,C24-O4A,0,2.8198173699727436,2.284420495442991,0,1,1,2.284420495442991
BA_PYR1_0265,LCAM,binder,5,0,27,1.215668540351358,C24-O4A,0,3.044999343185478,2.377685429151636,0,0,1,2.377685429151636
BA_PYR1_0265,LCA3S,binder,4,0,31,1.2367530068691965,C24-O4A,0,2.7733115584081056,2.133981490079049,2,3,2,2.133981490079049
BA_PYR1_0266,LCAM,binder,5,0,27,1.2153736051107893,C24-O4A,0,3.0089420067525396,2.75521215154115,0,0,0,2.75521215154115
BA_PYR1_0266,LCA3S,binder,2,0,31,1.23463395385029,C24-O4,0,2.6866916458722985,2.529535925817224,1,1,0,2.529535925817224
BA_PYR1_0325,LCAM,binder,1,0,27,1.2250269384793138,C24-O4A,0,3.0867260973400272,2.415672370169431,0,0,0,2.415672370169431
BA_PYR1_0325,LCA3S,binder,2,0,31,1.22663849605334,C24-O4,0,3.1208502046717976,2.347860941367695,0,0,1,2.347860941367695
BA_PYR1_0592,LCAM,binder,3,0,27,1.235728934677828,C24-O4,0,3.0492900813140102,3.0172964720093383,0,0,0,3.0172964720093383
BA_PYR1_0592,LCA3S,binder,3,0,31,1.232604153814192,C24-O4A,0,3.072325178102084,2.3180021570309197,0,0,1,2.3180021570309197
BA_PYR1_0593,LCAM,binder,1,0,27,1.2366296939666297,C24-O4A,0,3.2221772142450513,2.9144023401033707,0,0,0,2.9144023401033707
BA_PYR1_0593,LCA3S,binder,1,0,31,1.239597515325035,C24-O4A,0,3.133485120436987,2.6396639937689037,0,0,0,2.6396639937689037
BA_PYR1_0594,LCAM,binder,3,0,27,1.2229562543280112,C24-O4A,0,3.3393623642845354,2.7705286499150303,0,0,0,2.7705286499150303
BA_PYR1_0594,LCA3S,binder,1,0,31,1.238774797935444,C24-O4,0,2.997988158749132,2.240318280959203,0,1,1,2.240318280959203
BA_PYR1_0595,LCAM,binder,2,0,27,1.2371034718244065,C24-O4,0,2.911367032855871,2.5658218956116183,0,1,0,2.5658218956116183
BA_PYR1_0595,LCA3S,binder,3,0,31,1.2304039986931121,C24-O4A,0,2.8705781647605413,2.22734483185698,0,1,1,2.22734483185698
BA_PYR1_0739,LCAM,binder,2,0,27,1.2297300516780094,C24-O4A,0,3.0230926218030434,2.611934340675508,0,0,0,2.611934340675508
BA_PYR1_0739,LCA3S,binder,4,0,31,1.2315457766563125,C24-O4A,0,2.9265571923336817,2.3466625236705854,0,1,1,2.3466625236705854
BA_PYR1_0973,LCAM,binder,2,0,27,1.2352866064197419,C24-O4A,0,3.081309624169567,3.3029346042572505,0,0,0,3.081309624169567
BA_PYR1_0973,LCA3S,binder,5,0,31,1.2442612265919082,C24-O4A,0,2.7384860781095828,2.7011769656947684,1,4,0,2.7011769656947684
BA_PYR1_0978,LCAM,binder,2,0,27,1.2252056970158114,C24-O4A,0,2.7354284856307234,2.7294653322583153,1,2,0,2.7294653322583153
BA_PYR1_0978,LCA3S,binder,4,0,31,1.227725132104088,C24-O4A,0,3.222325557730007,2.884963431310699,0,0,0,2.884963431310699
BA_PYR1_1039,LCAM,binder,5,0,27,1.2161077254914558,C24-O4A,0,2.1716143764490052,2.7722487262148756,2,4,0,2.1716143764490052
BA_PYR1_1039,LCA3S,binder,3,0,31,1.2189967186174049,C24-O4,0,3.1116897338905756,2.3664158552545245,0,0,1,2.3664158552545245
BA_PYR1_1046,LCAM,binder,1,0,27,1.2292969535470262,C24-O4A,0,2.9422092039826127,2.667128230888046,0,1,0,2.667128230888046
BA_PYR1_1046,LCA3S,binder,4,0,31,1.234750987041517,C24-O4A,0,2.736444591070683,2.130896759582688,2,3,2,2.130896759582688
BA_PYR1_1047,LCAM,binder,1,0,27,1.2419460535788185,C24-O4A,0,3.368830360822581,2.926493464882503,0,0,0,2.926493464882503
BA_PYR1_1047,LCA3S,binder,5,0,31,1.2396749573981074,C24-O4A,0,2.7214001910781134,2.4180326714087217,1,1,0,2.4180326714087217
BA_PYR1_1048,LCAM,binder,5,0,27,1.2284807690802488,C24-O4A,0,3.0898480545165974,2.762312437071519,0,0,0,2.762312437071519
BA_PYR1_1048,LCA3S,binder,1,0,31,1.2208759150708146,C24-O4A,0,2.3762983819377568,2.4011201552608745,1,3,0,2.3762983819377568
BA_PYR1_1091,LCAM,binder,4,0,27,1.2377495707937043,C24-O4A,0,3.25188391551728,3.0940578533699075,0,0,0,3.0940578533699075
BA_PYR1_1091,LCA3S,binder,2,0,31,1.2336632441634954,C24-O4A,0,2.8725110965843106,2.4614796363163354,0,1,0,2.4614796363163354
BA_PYR1_1251,LCAM,binder,5,0,27,1.226514573904444,C24-O4,0,3.1107293357024814,2.7540815165858836,0,0,0,2.7540815165858836
BA_PYR1_1251,LCA3S,binder,2,0,31,1.2283431930857105,C24-O4A,0,3.090729687306866,2.3371916908974324,0,0,1,2.3371916908974324
BA_PYR1_1254,LCAM,binder,3,0,27,1.2247877367119577,C24-O4A,0,3.2456218202372256,3.0268174705455895,0,0,0,3.0268174705455895
BA_PYR1_1254,LCA3S,binder,3,0,31,1.2368641800941604,C24-O4,0,2.9388996240089584,2.28283223211869,0,1,1,2.28283223211869
BA_PYR1_1255,LCAM,binder,3,0,27,1.2178776621648002,C24-O4A,0,3.245425703971669,2.8246433403174995,0,0,0,2.8246433403174995
BA_PYR1_1255,LCA3S,binder,1,0,31,1.2244541641074196,C24-O4A,0,3.068558619286913,2.4294834841998845,0,0,0,2.4294834841998845
BA_PYR1_1256,LCAM,binder,5,0,27,1.2246113669242176,C24-O4A,0,2.9563649977633006,2.973339704776432,0,1,0,2.9563649977633006
BA_PYR1_1256,LCA3S,binder,1,0,31,1.225259972414018,C24-O4A,0,2.794838277968871,2.4684150785473653,1,1,0,2.4684150785473653
BA_PYR1_1328,LCAM,binder,5,0,27,1.2412179502408107,C24-O4A,0,3.005249740038255,2.8970664472876697,0,0,0,2.8970664472876697
BA_PYR1_1328,LCA3S,binder,2,0,31,1.2297471284780463,C24-O4A,0,2.874357841327346,2.657739076734208,0,2,0,2.657739076734208
BA_PYR1_1329,LCAM,binder,1,0,27,1.2244321132672076,C24-O4A,0,2.788801893286793,2.7291496844255354,1,1,0,2.7291496844255354
BA_PYR1_1329,LCA3S,binder,5,0,31,1.2386783278963105,C24-O4A,0,2.918178541487823,2.361946019704938,0,2,1,2.361946019704938
BA_PYR1_1330,LCAM,binder,5,0,27,1.2255121378427873,C24-O4A,0,2.825817757747304,2.807546615819584,0,1,0,2.807546615819584
BA_PYR1_1330,LCA3S,binder,3,0,31,1.2288506825485348,C24-O4,0,2.5722713698208435,2.707310658199387,1,2,0,2.5722713698208435
BA_PYR1_1375,LCAM,binder,1,0,27,1.2140897825119847,C24-O4A,0,3.0768368497533305,2.7738604867584815,0,0,0,2.7738604867584815
BA_PYR1_1375,LCA3S,binder,3,0,31,1.223909310365764,C24-O4A,0,2.964916356324406,2.3225946697605253,0,2,1,2.3225946697605253
BA_PYR1_1381,LCAM,binder,4,0,27,1.226225917194707,C24-O4A,0,2.6929290744466328,2.766929887077011,1,1,0,2.6929290744466328
BA_PYR1_1381,LCA3S,binder,3,0,31,1.2262724004070227,C24-O4A,0,2.7646323444537795,2.367793065282522,2,2,1,2.367793065282522
BA_PYR1_1384,LCAM,binder,5,0,27,1.2224045975044435,C24-O4A,0,3.0677237489708884,2.718307193824863,0,0,0,2.718307193824863
BA_PYR1_1384,LCA3S,binder,2,0,31,1.2298203120781508,C24-O4A,0,2.747873541486216,2.3375416573828156,1,3,1,2.3375416573828156
BA_PYR1_1386,LCAM,binder,1,0,27,1.2297955114570878,C24-O4A,0,2.9820915478905072,2.690994983272916,0,1,0,2.690994983272916
BA_PYR1_1386,LCA3S,binder,3,0,31,1.2375205048806264,C24-O4A,0,3.051333478989145,2.206421084018189,0,0,2,2.206421084018189
BA_PYR1_1388,LCAM,binder,1,0,27,1.2386855936838854,C24-O4A,0,3.3732422089141476,2.4615074649490705,0,0,0,2.4615074649490705
BA_PYR1_1388,LCA3S,binder,2,0,31,1.2312067251278316,C24-O4A,0,2.747102837536301,1.991998493975334,3,3,2,1.991998493975334
BA_PYR1_1391,LCAM,binder,2,0,27,1.235189863948049,C24-O4A,0,2.8955434723036015,2.4077877813461885,0,2,0,2.4077877813461885
BA_PYR1_1391,LCA3S,binder,1,0,31,1.251007194223918,C24-O4A,0,2.880108678505031,2.3343733634532415,0,2,1,2.3343733634532415
BA_PYR1_1392,LCAM,binder,2,0,27,1.243637004917432,C24-O4A,0,2.7058237193135843,2.242722675677936,1,1,1,2.242722675677936
BA_PYR1_1392,LCA3S,binder,3,0,31,1.2398278106253307,C24-O4A,0,2.684521000104116,2.201834916609327,1,3,3,2.201834916609327
POS_G0,LCAM,binder,3,0,27,1.2138900279679372,C24-O4A,0,3.34801239543703,2.7439236505413196,0,0,0,2.7439236505413196
POS_G0,LCA3S,binder,3,0,31,1.230874079668591,C24-O4A,0,3.064051729328342,2.5907271180114675,0,0,0,2.5907271180114675
POS_seq26,LCAM,binder,4,0,27,1.2232951401849024,C24-O4A,0,3.2375615824258848,2.4539602686270205,0,0,0,2.4539602686270205
POS_seq26,LCA3S,binder,5,0,31,1.2395430609704527,C24-O4A,0,2.972016487168266,2.3427782652227247,0,1,1,2.3427782652227247
BA_PYR1_0015,LCAM,nonbinder,4,0,27,1.2369126889154307,C24-O4A,0,2.964227049333434,3.194733948234186,0,1,0,2.964227049333434
BA_PYR1_0015,LCA3S,nonbinder,4,0,31,1.2390811111464806,C24-O4,0,3.0763917175808415,2.2251896548384367,0,0,1,2.2251896548384367
BA_PYR1_0027,LCAM,nonbinder,3,0,27,1.2271894719235497,C24-O4A,0,3.131975095686427,2.3643741243720293,0,0,1,2.3643741243720293
BA_PYR1_0027,LCA3S,nonbinder,2,0,31,1.2267232776792,C24-O4A,0,3.1436701480912403,2.4597459218382696,0,0,0,2.4597459218382696
BA_PYR1_0055,LCAM,nonbinder,1,0,27,1.2344144360789047,C24-O4A,0,3.279074869532564,2.505741606790293,0,0,0,2.505741606790293
BA_PYR1_0055,LCA3S,nonbinder,5,0,31,1.2335939364312716,C24-O4A,0,3.179877670603069,2.456496692446379,0,0,0,2.456496692446379
BA_PYR1_0092,LCAM,nonbinder,1,0,27,1.2341110160759445,C24-O4,0,3.1204956337094925,2.675689817598445,0,0,0,2.675689817598445
BA_PYR1_0092,LCA3S,nonbinder,5,0,31,1.240882347364165,C24-O4,0,2.6065935624872556,2.7503696115249667,1,1,0,2.6065935624872556
BA_PYR1_0094,LCAM,nonbinder,2,0,27,1.2149341545943961,C24-O4A,0,3.2183526842159487,2.529090943402392,0,0,0,2.529090943402392
BA_PYR1_0094,LCA3S,nonbinder,1,0,31,1.230233717632548,C24-O4A,0,2.68264403154798,2.359508635288288,1,2,1,2.359508635288288
BA_PYR1_0138,LCAM,nonbinder,1,0,27,1.2377616895024661,C24-O4A,0,3.244268792809868,2.9363261058676704,0,0,0,2.9363261058676704
BA_PYR1_0138,LCA3S,nonbinder,5,0,31,1.2357123451677576,C24-O4,0,3.0501973706630854,2.3167034769257806,0,0,1,2.3167034769257806
BA_PYR1_0194,LCAM,nonbinder,5,0,27,1.2249804080065936,C24-O4A,0,3.4126970272791577,2.51700635676591,0,0,0,2.51700635676591
BA_PYR1_0194,LCA3S,nonbinder,3,0,31,1.2197757990712883,C24-O4A,0,2.9335198993700384,2.2930933256193486,0,1,1,2.2930933256193486
BA_PYR1_0198,LCAM,nonbinder,3,0,27,1.226072591651897,C24-O4A,0,3.104851204164219,2.282281533904176,0,0,1,2.282281533904176
BA_PYR1_0198,LCA3S,nonbinder,4,0,31,1.2242720285949522,C24-O4A,0,3.0986417992404354,2.538677805472763,0,0,0,2.538677805472763
BA_PYR1_0199,LCAM,nonbinder,3,0,27,1.2268353597773416,C24-O4A,0,3.117286640654016,2.147734853281475,0,0,2,2.147734853281475
BA_PYR1_0199,LCA3S,nonbinder,2,0,31,1.2280952731771264,C24-O4A,0,3.0945288817524386,2.3784108139680162,0,0,1,2.3784108139680162
BA_PYR1_0214,LCAM,nonbinder,3,0,27,1.2292619737061745,C24-O4A,0,3.2776686836835722,2.5802550261553603,0,0,0,2.5802550261553603
BA_PYR1_0214,LCA3S,nonbinder,2,0,31,1.2205904308980957,C24-O4,0,2.912744582005088,2.611720888609654,0,1,0,2.611720888609654
BA_PYR1_0220,LCAM,nonbinder,1,0,27,1.2254488973433366,C24-O4A,0,3.1882366599736605,2.3693492777553926,0,0,1,2.3693492777553926
BA_PYR1_0220,LCA3S,nonbinder,2,0,31,1.224748137373558,C24-O4A,0,3.0873273231065084,2.543456113244338,0,0,0,2.543456113244338
BA_PYR1_0222,LCAM,nonbinder,2,0,27,1.2306238255454016,C24-O4A,0,3.051735735610146,2.684683594019973,0,0,0,2.684683594019973
BA_PYR1_0222,LCA3S,nonbinder,1,0,31,1.2300146340592861,C24-O4A,0,2.888032375164794,2.4623643109824354,0,1,0,2.4623643109824354
BA_PYR1_0229,LCAM,nonbinder,2,0,27,1.2240012254895827,C24-O4A,0,3.0849739058864016,2.669818345880483,0,0,0,2.669818345880483
BA_PYR1_0229,LCA3S,nonbinder,2,0,31,1.2390698123996078,C24-O4A,0,2.81869366906019,2.694243678660117,0,2,0,2.694243678660117
BA_PYR1_0264,LCAM,nonbinder,2,0,27,1.227640419666932,C24-O4A,0,2.5841424109363635,2.7667155618169357,1,2,0,2.5841424109363635
BA_PYR1_0264,LCA3S,nonbinder,1,0,31,1.2455524878542852,C24-O4A,0,3.1605217923627738,2.4803243739478917,0,0,0,2.4803243739478917
BA_PYR1_0276,LCAM,nonbinder,5,0,27,1.2406877125207618,C24-O4A,0,2.7778842668477024,2.182825004438056,1,7,1,2.182825004438056
BA_PYR1_0276,LCA3S,nonbinder,1,0,31,1.2319813310273815,C24-O4,0,3.0331058339596395,3.0161568261613985,0,0,0,3.0161568261613985
BA_PYR1_0301,LCAM,nonbinder,5,0,27,1.219361308226565,C24-O4A,0,2.7713485886838565,2.654350579708717,1,5,0,2.654350579708717
BA_PYR1_0301,LCA3S,nonbinder,4,0,31,1.2456395947464098,C24-O4,0,2.9121871505794403,2.320537437750143,0,2,1,2.320537437750143
BA_PYR1_0333,LCAM,nonbinder,5,0,27,1.2317865074760306,C24-O4A,0,3.011811581092018,2.5149065589003503,0,0,0,2.5149065589003503
BA_PYR1_0333,LCA3S,nonbinder,2,0,31,1.2184440898129059,C24-O4A,0,2.190837282866987,2.1634558003342708,3,5,2,2.1634558003342708
BA_PYR1_0352,LCAM,nonbinder,4,0,27,1.2341669255007601,C24-O4A,0,3.009450780458122,2.5909201068346355,0,0,0,2.5909201068346355
BA_PYR1_0352,LCA3S,nonbinder,1,0,31,1.2268781520591194,C24-O4A,0,2.9252639197173305,2.066702445926844,0,1,1,2.066702445926844
BA_PYR1_0398,LCAM,nonbinder,4,0,27,1.2348643650215188,C24-O4A,0,2.501145537548745,2.427242674311738,2,3,0,2.427242674311738
BA_PYR1_0398,LCA3S,nonbinder,1,0,31,1.224988979542265,C24-O4A,0,2.752862873446478,2.2279008056913128,1,1,1,2.2279008056913128
BA_PYR1_0399,LCAM,nonbinder,5,1,27,1.2398927372962545,C24-O4,0,2.870506227131375,2.792574081380833,0,2,0,2.792574081380833
BA_PYR1_0399,LCA3S,nonbinder,1,0,31,1.2235366770146288,C24-O4A,0,2.8208527079590664,2.6379012490993676,0,4,0,2.6379012490993676
BA_PYR1_0400,LCAM,nonbinder,1,0,27,1.215986019656477,C24-O4A,0,2.869036249335306,2.5205842576672572,0,1,0,2.5205842576672572
BA_PYR1_0400,LCA3S,nonbinder,2,0,31,1.233235581711783,C24-O4A,0,2.6294385332233947,2.3066306596418933,2,6,1,2.3066306596418933
BA_PYR1_0402,LCAM,nonbinder,3,0,27,1.2208382366226902,C24-O4A,0,2.7751491851790604,2.4400088114594993,2,3,0,2.4400088114594993
BA_PYR1_0402,LCA3S,nonbinder,2,0,31,1.2271242805844893,C24-O4A,0,2.9051134229148436,2.4550295313906108,0,1,0,2.4550295313906108
BA_PYR1_0404,LCAM,nonbinder,1,0,27,1.2256577825804396,C24-O4A,0,3.2101205584837467,2.7052754018768583,0,0,0,2.7052754018768583
BA_PYR1_0404,LCA3S,nonbinder,4,0,31,1.2118027892359382,C24-O4A,0,2.9325712267564783,2.456972527318936,0,2,0,2.456972527318936
BA_PYR1_0407,LCAM,nonbinder,3,0,27,1.211856427139783,C24-O4A,0,2.856241411365643,2.72154827258309,0,3,0,2.72154827258309
BA_PYR1_0407,LCA3S,nonbinder,4,0,31,1.2441229842744648,C24-O4A,0,3.0897679524520933,2.5346394220874893,0,0,0,2.5346394220874893
BA_PYR1_0411,LCAM,nonbinder,5,0,27,1.2189909761766078,C24-O4A,0,3.1467236929860873,2.417809339050538,0,0,0,2.417809339050538
BA_PYR1_0411,LCA3S,nonbinder,2,0,31,1.2306445465689921,C24-O4,0,2.9382813003523016,2.582870496172814,0,2,0,2.582870496172814
BA_PYR1_0414,LCAM,nonbinder,4,0,27,1.2323875202224341,C24-O4A,0,2.7421170653347393,2.8012586456805453,1,1,0,2.7421170653347393
BA_PYR1_0414,LCA3S,nonbinder,3,0,31,1.231181546320444,C24-O4A,0,2.949327211416191,2.2065452635284863,0,2,2,2.2065452635284863
BA_PYR1_0423,LCAM,nonbinder,2,0,27,1.2430386156511795,C24-O4A,0,2.9217600859755746,2.7451504512503497,0,1,0,2.7451504512503497
BA_PYR1_0423,LCA3S,nonbinder,4,0,31,1.2212178347862432,C24-O4A,0,2.54586036537749,2.1517976205953953,3,5,1,2.1517976205953953
BA_PYR1_0445,LCAM,nonbinder,4,0,27,1.2209144114146577,C24-O4A,0,2.5009656135181064,2.3574477724861684,2,2,1,2.3574477724861684
BA_PYR1_0445,LCA3S,nonbinder,2,0,31,1.2213361535629739,C24-O4,0,2.293886876025058,2.1188501598744547,3,6,1,2.1188501598744547
BA_PYR1_0450,LCAM,nonbinder,1,0,27,1.2418929100369323,C24-O4A,0,2.8743079166992533,2.8203304770895197,0,1,0,2.8203304770895197
BA_PYR1_0450,LCA3S,nonbinder,1,0,31,1.2314000162416763,C24-O4,0,2.7711243205601583,2.261411506117363,1,4,1,2.261411506117363
BA_PYR1_0476,LCAM,nonbinder,1,0,27,1.221817498646995,C24-O4A,0,3.225593898803754,2.2314923257766317,0,0,1,2.2314923257766317
BA_PYR1_0476,LCA3S,nonbinder,4,0,31,1.228783544811697,C24-O4A,0,3.206498869483663,2.4802832499535206,0,0,0,2.4802832499535206
BA_PYR1_0477,LCAM,nonbinder,1,0,27,1.2356419384271482,C24-O4,0,2.8777663212985165,2.6537712787653724,0,1,0,2.6537712787653724
BA_PYR1_0477,LCA3S,nonbinder,2,0,31,1.23004146271579,C24-O4,0,2.7104641668909775,2.622042333754358,1,2,0,2.622042333754358
BA_PYR1_0554,LCAM,nonbinder,3,0,27,1.238506762193893,C24-O4A,0,3.0184595408916786,2.865562074009216,0,0,0,2.865562074009216
BA_PYR1_0554,LCA3S,nonbinder,4,0,31,1.2305482517967348,C24-O4A,0,2.892134505862409,2.3731318968822612,0,1,2,2.3731318968822612
BA_PYR1_0565,LCAM,nonbinder,5,0,27,1.226724500448246,C24-O4A,0,3.2648744233124805,2.350332104192937,0,0,1,2.350332104192937
BA_PYR1_0565,LCA3S,nonbinder,4,0,31,1.223420205816464,C24-O4A,0,2.5477590152916743,2.9706108799369875,1,1,0,2.5477590152916743
BA_PYR1_0599,LCAM,nonbinder,3,0,27,1.232390360234938,C24-O4A,0,3.0442662498539774,2.7628608361624005,0,0,0,2.7628608361624005
BA_PYR1_0599,LCA3S,nonbinder,5,0,31,1.2313139323503164,C24-O4,0,2.763719414122931,2.752544277573024,1,1,0,2.752544277573024
BA_PYR1_0605,LCAM,nonbinder,3,0,27,1.2238897009126282,C24-O4A,0,2.9889708931336214,2.810015124514458,0,1,0,2.810015124514458
BA_PYR1_0605,LCA3S,nonbinder,1,0,31,1.219418303946599,C24-O4A,0,3.0606380053838445,2.499902998118127,0,0,0,2.499902998118127
BA_PYR1_0608,LCAM,nonbinder,3,0,27,1.212070129984235,C24-O4A,0,3.1809613326791637,2.3457393290815585,0,0,1,2.3457393290815585
BA_PYR1_0608,LCA3S,nonbinder,3,0,31,1.2161961190531727,C24-O4A,0,2.646533770802859,2.1893435089085496,2,3,1,2.1893435089085496
BA_PYR1_0629,LCAM,nonbinder,5,0,27,1.2312928165144146,C24-O4A,0,2.9750490752254826,2.654217398782549,0,1,0,2.654217398782549
BA_PYR1_0629,LCA3S,nonbinder,1,0,31,1.2145406539099466,C24-O4A,0,2.9168752115920213,2.6010228757163976,0,2,0,2.6010228757163976
BA_PYR1_0636,LCAM,nonbinder,3,0,27,1.2235738637287086,C24-O4A,0,3.157522604828032,2.605277336484544,0,0,0,2.605277336484544
BA_PYR1_0636,LCA3S,nonbinder,2,0,31,1.2307761778650095,C24-O4A,0,2.805001426024593,2.5920659713826733,0,2,0,2.5920659713826733
BA_PYR1_0639,LCAM,nonbinder,4,0,27,1.2311482445262225,C24-O4,0,2.9589535312336355,2.856409809533639,0,1,0,2.856409809533639
BA_PYR1_0639,LCA3S,nonbinder,4,0,31,1.2249163236727643,C24-O4,0,2.628520876843095,2.728808347979022,1,1,0,2.628520876843095
BA_PYR1_0655,LCAM,nonbinder,3,0,27,1.2205445506002637,C24-O4A,0,2.6092937741848847,2.574923882370118,1,2,0,2.574923882370118
BA_PYR1_0655,LCA3S,nonbinder,2,0,31,1.2128334593009873,C24-O4A,0,2.6784124028984033,2.8572584762320683,2,2,0,2.6784124028984033
BA_PYR1_0658,LCAM,nonbinder,3,0,27,1.2321111962805955,C24-O4A,0,2.7934031216421302,2.3431239830619295,1,1,1,2.3431239830619295
BA_PYR1_0658,LCA3S,nonbinder,2,0,31,1.2333649095056984,C24-O4A,0,2.657754879592925,2.1234806332999607,1,2,1,2.1234806332999607
BA_PYR1_0697,LCAM,nonbinder,4,0,27,1.2150020576114264,C24-O4A,0,2.9665313077734408,2.4686370733665974,0,1,0,2.4686370733665974
BA_PYR1_0697,LCA3S,nonbinder,4,0,31,1.217394759311868,C24-O4A,0,2.538889717967285,2.1609486342807873,2,4,3,2.1609486342807873
BA_PYR1_0699,LCAM,nonbinder,5,0,27,1.2366098818948514,C24-O4A,0,3.0828809578055396,2.484723123408321,0,0,0,2.484723123408321
BA_PYR1_0699,LCA3S,nonbinder,4,0,31,1.230144706934918,C24-O4,0,2.85181784130754,2.498510356192265,0,3,0,2.498510356192265
BA_PYR1_0700,LCAM,nonbinder,1,0,27,1.232959447832734,C24-O4,0,2.923042763970449,1.8592334441914498,0,2,1,1.8592334441914498
BA_PYR1_0700,LCA3S,nonbinder,5,0,31,1.2172863262191025,C24-O4,0,2.9880928700426965,2.307565383689052,0,1,2,2.307565383689052
BA_PYR1_0741,LCAM,nonbinder,4,0,27,1.225098771528239,C24-O4A,0,3.313915659759614,2.777510035985468,0,0,0,2.777510035985468
BA_PYR1_0741,LCA3S,nonbinder,4,0,31,1.2373685788801976,C24-O4A,0,2.9163736043243835,2.763973588875263,0,1,0,2.763973588875263
BA_PYR1_0742,LCAM,nonbinder,2,0,27,1.233566374379587,C24-O4A,0,2.931730035320442,2.848558056280405,0,1,0,2.848558056280405
BA_PYR1_0742,LCA3S,nonbinder,2,0,31,1.2322881156612684,C24-O4A,0,2.8087735757800045,2.0983912885827563,0,2,1,2.0983912885827563
BA_PYR1_0746,LCAM,nonbinder,3,0,27,1.2175421963940307,C24-O4A,0,2.5198454317675916,2.3627926273797284,1,3,1,2.3627926273797284
BA_PYR1_0746,LCA3S,nonbinder,1,0,31,1.2323169235225164,C24-O4,0,2.5670903762820667,2.053434683645916,1,4,4,2.053434683645916
BA_PYR1_0755,LCAM,nonbinder,1,0,27,1.2163001274356586,C24-O4A,0,2.709269089625466,2.517320202119707,2,2,0,2.517320202119707
BA_PYR1_0755,LCA3S,nonbinder,2,0,31,1.2160053453829878,C24-O4A,0,2.5281111526196782,2.2533694770276798,1,4,1,2.2533694770276798
BA_PYR1_0763,LCAM,nonbinder,4,0,27,1.2394688378495051,C24-O4A,0,3.212673964161318,3.0755110144494675,0,0,0,3.0755110144494675
BA_PYR1_0763,LCA3S,nonbinder,5,0,31,1.2365427610883497,C24-O4A,0,2.9629463376848384,2.967087966340061,0,1,0,2.9629463376848384
BA_PYR1_0808,LCAM,nonbinder,2,0,27,1.2227325954598576,C24-O4A,0,2.7805130821486888,2.561450760799434,1,1,0,2.561450760799434
BA_PYR1_0808,LCA3S,nonbinder,1,1,31,1.2178382487013617,C24-O4,0,2.4919458260564196,1.8500183782870923,2,6,1,1.8500183782870923
BA_PYR1_0838,LCAM,nonbinder,2,0,27,1.2179942528600043,C24-O4A,0,3.120134932979662,2.6071265792055436,0,0,0,2.6071265792055436
BA_PYR1_0838,LCA3S,nonbinder,2,0,31,1.2277059908626329,C24-O4A,0,2.8758640440744063,2.195422510588793,0,2,2,2.195422510588793
BA_PYR1_0845,LCAM,nonbinder,1,0,27,1.232222788297636,C24-O4,0,3.2907728575518544,3.068759358437869,0,0,0,3.068759358437869
BA_PYR1_0845,LCA3S,nonbinder,4,0,31,1.2293494214420895,C24-O4A,0,2.8419327930125307,2.224979325746646,0,1,2,2.224979325746646
BA_PYR1_0847,LCAM,nonbinder,5,0,27,1.2226369043996668,C24-O4A,0,3.210578452553371,2.8749001721798972,0,0,0,2.8749001721798972
BA_PYR1_0847,LCA3S,nonbinder,1,0,31,1.233927874715536,C24-O4A,0,2.9328227017670194,2.107401480496775,0,1,1,2.107401480496775
BA_PYR1_0849,LCAM,nonbinder,2,0,27,1.2363935457612194,C24-O4A,0,3.32073651469068,2.4973806277778325,0,0,0,2.4973806277778325
BA_PYR1_0849,LCA3S,nonbinder,3,0,31,1.226739581166272,C24-O4A,0,2.6274546618352894,2.477620027364971,1,1,0,2.477620027364971
BA_PYR1_0891,LCAM,nonbinder,1,0,27,1.2336559487960979,C24-O4,0,2.931527588135578,2.3757651399075623,0,1,1,2.3757651399075623
BA_PYR1_0891,LCA3S,nonbinder,2,0,31,1.2301483650356977,C24-O4,0,2.6892084337217153,2.3989516460320734,1,4,1,2.3989516460320734
BA_PYR1_0908,LCAM,nonbinder,3,0,27,1.2429356379153347,C24-O4A,0,2.87003937255223,2.8706504489401006,0,1,0,2.87003937255223
BA_PYR1_0908,LCA3S,nonbinder,5,0,31,1.2410801746865505,C24-O4A,0,2.7827996693977095,2.6817729210356354,1,3,0,2.6817729210356354
BA_PYR1_0971,LCAM,nonbinder,3,0,27,1.2196200227939848,C24-O4,0,2.91853576301542,2.689048344675119,0,1,0,2.689048344675119
BA_PYR1_0971,LCA3S,nonbinder,3,0,31,1.2106832781532917,C24-O4,0,2.507289771845288,1.6184449326436783,4,6,2,1.6184449326436783
BA_PYR1_0975,LCAM,nonbinder,3,0,27,1.2156043764317404,C24-O4,0,2.9527920685344577,2.636451213278942,0,1,0,2.636451213278942
BA_PYR1_0975,LCA3S,nonbinder,3,0,31,1.2266552082798166,C24-O4A,0,2.7227445712001717,2.501559113832811,1,1,0,2.501559113832811
BA_PYR1_0977,LCAM,nonbinder,5,0,27,1.2113917615701382,C24-O4A,0,2.8408885933805994,1.8896933613684526,0,3,1,1.8896933613684526
BA_PYR1_0977,LCA3S,nonbinder,1,0,31,1.2198040826296659,C24-O4,0,2.8472716765352764,2.712200951257117,0,2,0,2.712200951257117
BA_PYR1_1000,LCAM,nonbinder,4,0,27,1.2184966146854903,C24-O4A,0,2.7043583342449273,2.1800360088769164,1,1,1,2.1800360088769164
BA_PYR1_1000,LCA3S,nonbinder,4,0,31,1.2351137599427835,C24-O4A,0,2.789536879125278,2.126331112503412,1,3,1,2.126331112503412
BA_PYR1_1009,LCAM,nonbinder,5,0,27,1.2326755453078477,C24-O4A,0,3.2431301238155714,2.5430943749692023,0,0,0,2.5430943749692023
BA_PYR1_1009,LCA3S,nonbinder,5,0,31,1.2300898341178175,C24-O4A,0,3.1315028341037783,2.1984922105843356,0,0,1,2.1984922105843356
BA_PYR1_1037,LCAM,nonbinder,3,0,27,1.2313317993132475,C24-O4A,0,2.9083543456738554,2.545673388319876,0,2,0,2.545673388319876
BA_PYR1_1037,LCA3S,nonbinder,2,0,31,1.2265047900436425,C24-O4A,0,2.5488073681626076,2.106174019401056,2,3,1,2.106174019401056
BA_PYR1_1080,LCAM,nonbinder,3,0,27,1.2124401016132713,C24-O4A,0,3.1014237053327625,2.5101818659212727,0,0,0,2.5101818659212727
BA_PYR1_1080,LCA3S,nonbinder,3,0,31,1.220129911116025,C24-O4A,0,2.573419126376425,2.0524507302247237,2,5,1,2.0524507302247237
BA_PYR1_1088,LCAM,nonbinder,2,0,27,1.2198184291114813,C24-O4,0,2.972278755433279,2.7949912343333034,0,1,0,2.7949912343333034
BA_PYR1_1088,LCA3S,nonbinder,3,0,31,1.2253526023149417,C24-O4,0,2.8062745767297965,3.256324615267956,0,2,0,2.8062745767297965
BA_PYR1_1093,LCAM,nonbinder,5,0,27,1.2343978289028217,C24-O4,0,3.0606517279821306,2.683130447816506,0,0,0,2.683130447816506
BA_PYR1_1093,LCA3S,nonbinder,1,0,31,1.2305421569373394,C24-O4A,0,2.8418819468795675,2.6473856915833025,0,2,0,2.6473856915833025
BA_PYR1_1097,LCAM,nonbinder,5,0,27,1.2332988283461555,C24-O4A,0,3.1694059380268724,2.6977231140352416,0,0,0,2.6977231140352416
BA_PYR1_1097,LCA3S,nonbinder,2,0,31,1.2338107634479443,C24-O4A,0,2.5326188027415415,2.5701723677605735,1,2,0,2.5326188027415415
BA_PYR1_1117,LCAM,nonbinder,5,0,27,1.2302593222568974,C24-O4,0,2.7264287997305194,2.603581571604777,1,1,0,2.603581571604777
BA_PYR1_1117,LCA3S,nonbinder,1,0,31,1.2273035484345345,C24-O4A,0,2.8241582816832334,2.4278529609513027,0,2,0,2.4278529609513027
BA_PYR1_1143,LCAM,nonbinder,5,0,27,1.2289930837885137,C24-O4A,0,3.4591993293246346,2.566098400295671,0,0,0,2.566098400295671
BA_PYR1_1143,LCA3S,nonbinder,3,0,31,1.22657775945922,C24-O4,0,3.0202536317336,2.3249288161145927,0,0,1,2.3249288161145927
BA_PYR1_1167,LCAM,nonbinder,1,0,27,1.2466823974052106,C24-O4,0,2.620945440103628,3.210240177930617,1,1,0,2.620945440103628
BA_PYR1_1167,LCA3S,nonbinder,3,0,31,1.2339542130889616,C24-O4,0,2.9385829918516846,2.492810462108983,0,1,0,2.492810462108983
BA_PYR1_1192,LCAM,nonbinder,4,0,27,1.215620417729153,C24-O4,0,2.8533914908403295,2.531438721359851,0,1,0,2.531438721359851
BA_PYR1_1192,LCA3S,nonbinder,4,0,31,1.2181288930158416,C24-O4A,0,2.6954454177371128,1.8522391854185571,2,5,4,1.8522391854185571
BA_PYR1_1194,LCAM,nonbinder,3,0,27,1.2320495119921115,C24-O4A,0,3.02379546265947,2.939467638876129,0,0,0,2.939467638876129
BA_PYR1_1194,LCA3S,nonbinder,1,1,31,1.2230224854842204,C24-O4A,0,2.8684877548980396,2.786142315101653,0,2,0,2.786142315101653
BA_PYR1_1196,LCAM,nonbinder,2,0,27,1.2169330302033885,C24-O4A,0,2.7692267873903007,2.5758468510375385,1,1,0,2.5758468510375385
BA_PYR1_1196,LCA3S,nonbinder,3,0,31,1.2347769029261921,C24-O4,0,2.862584845904136,2.4744263981779695,0,3,0,2.4744263981779695
BA_PYR1_1204,LCAM,nonbinder,4,0,27,1.238546729033669,C24-O4A,0,2.737450638824379,2.7534389406703754,1,1,0,2.737450638824379
BA_PYR1_1204,LCA3S,nonbinder,2,0,31,1.2334086913914617,C24-O4,0,2.370915645905608,2.594762802261509,2,3,0,2.370915645905608
BA_PYR1_1227,LCAM,nonbinder,5,0,27,1.2166322369557698,C24-O4A,0,2.6099402292006615,2.387187885358,1,1,1,2.387187885358
BA_PYR1_1227,LCA3S,nonbinder,3,0,31,1.2247024128334199,C24-O4,0,2.8617618698976335,2.1278801657988167,0,3,1,2.1278801657988167
BA_PYR1_1258,LCAM,nonbinder,1,0,27,1.230230059785567,C24-O4A,0,3.057533155993569,3.1098459768933893,0,0,0,3.057533155993569
BA_PYR1_1258,LCA3S,nonbinder,4,0,31,1.2398374893509225,C24-O4,0,2.8895610393276003,2.4973265705550003,0,2,0,2.4973265705550003
BA_PYR1_1264,LCAM,nonbinder,2,0,27,1.2188576619113485,C24-O4A,0,3.307892078046078,2.2930804608648163,0,0,1,2.2930804608648163
BA_PYR1_1264,LCA3S,nonbinder,4,0,31,1.224095584503106,C24-O4A,0,2.9502482946355535,2.1970896658989596,0,1,2,2.1970896658989596
BA_PYR1_1288,LCAM,nonbinder,3,0,27,1.2213668572546086,C24-O4A,0,3.014883413997961,2.7398178771589907,0,0,0,2.7398178771589907
BA_PYR1_1288,LCA3S,nonbinder,5,0,31,1.2225735151719914,C24-O4A,0,3.005372689035421,2.3014686615289808,0,0,1,2.3014686615289808
BA_PYR1_1292,LCAM,nonbinder,1,0,27,1.2358721616736905,C24-O4A,0,3.1718660123025373,2.918573110271524,0,0,0,2.918573110271524
BA_PYR1_1292,LCA3S,nonbinder,1,0,31,1.2322515976861217,C24-O4,0,2.882983870922625,2.762684382986953,0,1,0,2.762684382986953
BA_PYR1_1295,LCAM,nonbinder,4,0,27,1.2245052061955477,C24-O4A,0,3.061582107342542,2.7830235356532653,0,0,0,2.7830235356532653
BA_PYR1_1295,LCA3S,nonbinder,2,0,31,1.2384042151091057,C24-O4A,0,2.6453079215849336,2.412119400029776,1,1,0,2.412119400029776
BA_PYR1_1299,LCAM,nonbinder,5,0,27,1.224330429255109,C24-O4A,0,3.2049107631882676,2.378275425597297,0,0,1,2.378275425597297
BA_PYR1_1299,LCA3S,nonbinder,5,0,31,1.2162713513028252,C24-O4A,0,3.1384437226115747,2.3771245234526517,0,0,1,2.3771245234526517
BA_PYR1_1309,LCAM,nonbinder,5,0,27,1.2203724841211394,C24-O4A,0,3.0682022423562625,2.614421733385798,0,0,0,2.614421733385798
BA_PYR1_1309,LCA3S,nonbinder,4,0,31,1.23293714357221,C24-O4,0,2.8410879958213187,2.249348794651465,0,2,1,2.249348794651465
BA_PYR1_1349,LCAM,nonbinder,4,0,27,1.227410281853627,C24-O4A,0,3.046556909036823,2.520863542518714,0,0,0,2.520863542518714
BA_PYR1_1349,LCA3S,nonbinder,4,0,31,1.2249955101958532,C24-O4A,0,2.979852009748138,2.872291593832354,0,1,0,2.872291593832354
BA_PYR1_1398,LCAM,nonbinder,5,0,27,1.2325039553689066,C24-O4,0,3.277002593834799,2.494352220517383,0,0,0,2.494352220517383
BA_PYR1_1398,LCA3S,nonbinder,2,0,31,1.2314844700604226,C24-O4A,0,3.0836681079519583,2.0997383170290527,0,0,1,2.0997383170290527
BA_PYR1_1408,LCAM,nonbinder,3,0,27,1.2286565834276069,C24-O4A,0,2.593408760685442,2.6444305625219204,2,2,0,2.593408760685442
BA_PYR1_1408,LCA3S,nonbinder,1,0,31,1.2182458700935537,C24-O4A,0,2.630713401341925,2.4786677873406107,1,2,0,2.4786677873406107
BA_PYR1_1468,LCAM,nonbinder,2,0,27,1.238590327751674,C24-O4,0,2.9349597952953292,2.757796584231694,0,1,0,2.757796584231694
BA_PYR1_1468,LCA3S,nonbinder,4,0,31,1.2345829255258638,C24-O4A,0,3.060047221857859,2.260610094642595,0,0,1,2.260610094642595
BA_PYR1_1470,LCAM,nonbinder,5,0,27,1.231186825790465,C24-O4A,0,3.09284674693073,2.790694895541252,0,0,0,2.790694895541252
BA_PYR1_1470,LCA3S,nonbinder,1,0,31,1.2327084002309712,C24-O4A,0,3.0136652103377375,2.36046626749886,0,0,1,2.36046626749886
BA_PYR1_1471,LCAM,nonbinder,4,0,27,1.2295970884806127,C24-O4A,0,3.190118963299018,2.744557159178872,0,0,0,2.744557159178872
BA_PYR1_1471,LCA3S,nonbinder,1,0,31,1.2293233911383936,C24-O4A,0,2.756818093382295,2.1997793071124208,1,2,1,2.1997793071124208
BA_PYR1_1475,LCAM,nonbinder,5,0,27,1.2222642922052498,C24-O4,0,3.099033559030944,2.3566444364816683,0,0,1,2.3566444364816683
BA_PYR1_1475,LCA3S,nonbinder,1,0,31,1.2252158993418263,C24-O4A,0,3.130549312820355,2.382186180801156,0,0,1,2.382186180801156
BA_PYR1_1478,LCAM,nonbinder,4,0,27,1.238441359128481,C24-O4A,0,3.1124899999839357,2.348147354831038,0,0,1,2.348147354831038
BA_PYR1_1478,LCA3S,nonbinder,4,0,31,1.2440474267486752,C24-O4A,0,2.9618661347197985,2.8399947183049465,0,1,0,2.8399947183049465
BA_PYR1_1490,LCAM,nonbinder,1,0,27,1.2405873608899938,C24-O4A,0,3.0924317292383354,2.81531774405661,0,0,0,2.81531774405661
BA_PYR1_1490,LCA3S,nonbinder,3,0,31,1.217349990758615,C24-O4,0,3.0165715638784363,2.027772669704374,0,0,1,2.027772669704374
BA_PYR1_1491,LCAM,nonbinder,5,0,27,1.227988599295612,C24-O4,0,3.3113316052609405,2.7056967679324306,0,0,0,2.7056967679324306
BA_PYR1_1491,LCA3S,nonbinder,5,0,31,1.2256169874801834,C24-O4A,0,2.997307792002684,2.3155029691192373,0,1,1,2.3155029691192373
BA_PYR1_1493,LCAM,nonbinder,3,0,27,1.2298170595661777,C24-O4A,0,3.142321593981113,2.3813145529307964,0,0,1,2.3813145529307964
BA_PYR1_1493,LCA3S,nonbinder,5,0,31,1.2250297955560103,C24-O4A,0,3.2637320662088674,2.4666456981090743,0,0,0,2.4666456981090743
BA_PYR1_1496,LCAM,nonbinder,1,0,27,1.228446987053165,C24-O4A,0,3.3158639899730513,2.2842167147624153,0,0,1,2.2842167147624153
BA_PYR1_1496,LCA3S,nonbinder,3,0,31,1.2346631119459275,C24-O4A,0,3.1471487095464687,2.4319329760501205,0,0,0,2.4319329760501205
BA_PYR1_1498,LCAM,nonbinder,2,0,27,1.22532403877505,C24-O4A,0,3.0296602119709735,2.6848240165791126,0,0,0,2.6848240165791126
BA_PYR1_1498,LCA3S,nonbinder,3,0,31,1.229081364271707,C24-O4A,0,2.8110357521739213,2.002034215491834,0,3,1,2.002034215491834
BA_PYR1_1500,LCAM,nonbinder,2,0,27,1.2334905755618888,C24-O4A,0,2.853550420090733,2.690455723478831,0,1,0,2.690455723478831
BA_PYR1_1500,LCA3S,nonbinder,4,0,31,1.224606467400855,C24-O4A,0,3.1634489090231885,2.831547103616679,0,0,0,2.831547103616679
BA_PYR1_1508,LCAM,nonbinder,1,0,27,1.2342779265627335,C24-O4A,0,2.9276941438613435,2.5110209079177337,0,1,0,2.5110209079177337
BA_PYR1_1508,LCA3S,nonbinder,2,1,31,1.225776896502785,C24-O4A,0,3.0975414444362164,2.469154916160588,0,0,0,2.469154916160588
BA_PYR1_1515,LCAM,nonbinder,4,0,27,1.231145807774205,C24-O4A,0,3.1856691604747662,2.609292816071052,0,0,0,2.609292816071052
BA_PYR1_1515,LCA3S,nonbinder,5,0,31,1.236014158494958,C24-O4A,0,2.923046527169897,2.6084596987494364,0,1,0,2.6084596987494364
BA_PYR1_1554,LCAM,nonbinder,1,0,27,1.2269690297639948,C24-O4A,0,2.8726439041412695,2.5898976813766215,0,2,0,2.5898976813766215
BA_PYR1_1554,LCA3S,nonbinder,4,0,31,1.22434186402328,C24-O4,0,2.563868366355808,2.2270381676118625,1,5,2,2.2270381676118625
BA_PYR1_1593,LCAM,nonbinder,2,0,27,1.2309955320796253,C24-O4A,0,2.9106787868124506,2.7959148771019477,0,1,0,2.7959148771019477
BA_PYR1_1593,LCA3S,nonbinder,5,0,31,1.2300735750352498,C24-O4A,0,3.056035830941777,2.520880005077592,0,0,0,2.520880005077592
BA_PYR1_1655,LCAM,nonbinder,2,0,27,1.2285939117544085,C24-O4A,0,2.9085085525059062,2.07708329154129,0,2,1,2.07708329154129
BA_PYR1_1655,LCA3S,nonbinder,5,0,31,1.2299861787841355,C24-O4,0,2.350927689232487,1.9514069283468276,3,4,3,1.9514069283468276
